{"level":"info","message":"🚀 Server on port 5000 [development]","timestamp":"2026-03-04 17:06:12"}
{"level":"info","message":"🚀 Server on port 5000 [development]","timestamp":"2026-03-04 17:06:25"}
{"level":"debug","message":"POST /api/auth/login","timestamp":"2026-03-04 17:06:35"}
{"level":"info","message":"🚀 Server on port 5000 [development]","timestamp":"2026-03-04 17:06:59"}
{"level":"debug","message":"POST /api/auth/login","timestamp":"2026-03-04 17:07:05"}
{"level":"debug","message":"POST /api/auth/login","timestamp":"2026-03-04 17:07:08"}
{"level":"debug","message":"POST /api/auth/login","timestamp":"2026-03-04 17:07:31"}
{"level":"debug","message":"GET /favicon.ico","timestamp":"2026-03-04 17:17:57"}
{"level":"debug","message":"GET /api/auth/me","timestamp":"2026-03-04 17:19:39"}
{"err":"invalid signature","ip":"::1","level":"warn","message":"JWT failed","timestamp":"2026-03-04 17:19:39"}
{"level":"debug","message":"GET /api/auth/me","timestamp":"2026-03-04 17:19:39"}
{"err":"invalid signature","ip":"::1","level":"warn","message":"JWT failed","timestamp":"2026-03-04 17:19:39"}
{"level":"debug","message":"POST /api/auth/login","timestamp":"2026-03-04 17:19:56"}
{"level":"debug","message":"GET /api/dashboard","timestamp":"2026-03-04 17:19:57"}
{"level":"debug","message":"GET /api/dashboard","timestamp":"2026-03-04 17:19:57"}
{"level":"debug","message":"GET /api/counties","timestamp":"2026-03-04 17:20:03"}
{"level":"debug","message":"GET /api/counties","timestamp":"2026-03-04 17:20:03"}
{"level":"debug","message":"GET /api/devices?page=1&limit=20&search=&status=&countyId=","timestamp":"2026-03-04 17:20:03"}
{"level":"debug","message":"GET /api/verifications?page=1&limit=20&year=","timestamp":"2026-03-04 17:20:06"}
{"level":"debug","message":"GET /api/verifications?page=1&limit=20&year=","timestamp":"2026-03-04 17:20:06"}
{"level":"debug","message":"GET /api/counties","timestamp":"2026-03-04 17:20:07"}
{"level":"debug","message":"GET /api/counties","timestamp":"2026-03-04 17:20:08"}
{"level":"debug","message":"GET /api/facilities?page=1&limit=20&search=","timestamp":"2026-03-04 17:20:08"}
{"level":"debug","message":"GET /api/facilities?page=1&limit=20&search=ma","timestamp":"2026-03-04 17:20:12"}
{"level":"debug","message":"GET /api/facilities?page=1&limit=20&search=mar","timestamp":"2026-03-04 17:20:13"}
{"level":"debug","message":"GET /api/facilities?page=1&limit=20&search=","timestamp":"2026-03-04 17:20:15"}
{"level":"debug","message":"GET /api/counties/43/sub-counties","timestamp":"2026-03-04 17:20:33"}
{"level":"debug","message":"POST /api/facilities","timestamp":"2026-03-04 17:20:39"}
{"level":"debug","message":"GET /api/facilities?page=1&limit=20&search=","timestamp":"2026-03-04 17:20:39"}
{"level":"debug","message":"GET /api/counties","timestamp":"2026-03-04 17:20:47"}
{"level":"debug","message":"GET /api/counties","timestamp":"2026-03-04 17:20:48"}
{"level":"debug","message":"GET /api/devices?page=1&limit=20&search=&status=&countyId=","timestamp":"2026-03-04 17:20:48"}
{"level":"debug","message":"GET /api/devices?page=1&limit=20&search=&status=&countyId=43","timestamp":"2026-03-04 17:20:52"}
{"level":"debug","message":"GET /api/affiliations","timestamp":"2026-03-04 17:20:53"}
{"level":"debug","message":"GET /api/facilities?limit=500","timestamp":"2026-03-04 17:20:53"}
{"level":"debug","message":"GET /api/counties","timestamp":"2026-03-04 17:20:53"}
{"level":"debug","message":"GET /api/affiliations","timestamp":"2026-03-04 17:20:54"}
{"level":"debug","message":"GET /api/counties","timestamp":"2026-03-04 17:20:54"}
{"level":"debug","message":"GET /api/facilities?limit=500","timestamp":"2026-03-04 17:20:54"}
{"level":"debug","message":"GET /api/counties/43/sub-counties","timestamp":"2026-03-04 17:21:02"}
{"level":"debug","message":"GET /api/verifications?page=1&limit=20&year=","timestamp":"2026-03-04 17:21:25"}
{"level":"debug","message":"GET /api/verifications?page=1&limit=20&year=","timestamp":"2026-03-04 17:21:25"}
{"level":"debug","message":"GET /api/counties","timestamp":"2026-03-04 17:21:25"}
{"level":"debug","message":"GET /api/counties","timestamp":"2026-03-04 17:21:25"}
{"level":"debug","message":"GET /api/facilities?page=1&limit=20&search=","timestamp":"2026-03-04 17:21:26"}
{"level":"debug","message":"GET /api/counties/43/sub-counties","timestamp":"2026-03-04 17:21:28"}
{"level":"debug","message":"GET /api/counties/43/sub-counties","timestamp":"2026-03-04 17:21:28"}
{"level":"debug","message":"GET /api/dashboard","timestamp":"2026-03-04 17:21:34"}
{"level":"debug","message":"GET /api/dashboard","timestamp":"2026-03-04 17:21:34"}
{"level":"debug","message":"GET /api/verifications?page=1&limit=20&year=","timestamp":"2026-03-04 17:22:52"}
{"level":"debug","message":"GET /api/verifications?page=1&limit=20&year=","timestamp":"2026-03-04 17:22:52"}
{"level":"debug","message":"GET /api/counties","timestamp":"2026-03-04 17:22:55"}
{"level":"debug","message":"GET /api/counties","timestamp":"2026-03-04 17:22:56"}
{"level":"debug","message":"GET /api/facilities?page=1&limit=20&search=","timestamp":"2026-03-04 17:22:56"}
{"level":"debug","message":"GET /api/counties","timestamp":"2026-03-04 17:22:57"}
{"level":"debug","message":"GET /api/counties","timestamp":"2026-03-04 17:22:57"}
{"level":"debug","message":"GET /api/devices?page=1&limit=20&search=&status=&countyId=","timestamp":"2026-03-04 17:22:57"}
{"level":"debug","message":"GET /api/dashboard","timestamp":"2026-03-04 17:22:59"}
{"level":"debug","message":"GET /api/dashboard","timestamp":"2026-03-04 17:22:59"}
{"level":"debug","message":"GET /api/counties","timestamp":"2026-03-04 17:23:03"}
{"level":"debug","message":"GET /api/counties","timestamp":"2026-03-04 17:23:03"}
{"level":"debug","message":"GET /api/facilities?page=1&limit=20&search=","timestamp":"2026-03-04 17:23:03"}
{"level":"debug","message":"GET /api/counties","timestamp":"2026-03-04 17:23:06"}
{"level":"debug","message":"GET /api/counties","timestamp":"2026-03-04 17:23:06"}
{"level":"debug","message":"GET /api/devices?page=1&limit=20&search=&status=&countyId=","timestamp":"2026-03-04 17:23:06"}
{"level":"debug","message":"GET /api/dashboard","timestamp":"2026-03-04 17:23:09"}
{"level":"debug","message":"GET /api/dashboard","timestamp":"2026-03-04 17:23:09"}
{"level":"debug","message":"GET /api/counties","timestamp":"2026-03-04 17:23:10"}
{"level":"debug","message":"GET /api/counties","timestamp":"2026-03-04 17:23:10"}
{"level":"debug","message":"GET /api/devices?page=1&limit=20&search=&status=&countyId=","timestamp":"2026-03-04 17:23:10"}
{"level":"debug","message":"GET /api/verifications?page=1&limit=20&year=","timestamp":"2026-03-04 17:23:13"}
{"level":"debug","message":"GET /api/verifications?page=1&limit=20&year=","timestamp":"2026-03-04 17:23:13"}
{"level":"debug","message":"GET /api/counties","timestamp":"2026-03-04 17:23:14"}
{"level":"debug","message":"GET /api/counties","timestamp":"2026-03-04 17:23:14"}
{"level":"debug","message":"GET /api/facilities?page=1&limit=20&search=","timestamp":"2026-03-04 17:23:14"}
{"level":"debug","message":"GET /api/counties/43/sub-counties","timestamp":"2026-03-04 17:23:28"}
{"level":"debug","message":"GET /api/counties/43/sub-counties","timestamp":"2026-03-04 17:23:28"}
{"level":"debug","message":"GET /api/dashboard","timestamp":"2026-03-04 17:25:45"}
{"level":"debug","message":"GET /api/dashboard","timestamp":"2026-03-04 17:25:45"}
{"level":"debug","message":"GET /api/counties","timestamp":"2026-03-04 17:25:47"}
{"level":"debug","message":"GET /api/counties","timestamp":"2026-03-04 17:25:47"}
{"level":"debug","message":"GET /api/devices?page=1&limit=20&search=&status=&countyId=","timestamp":"2026-03-04 17:25:47"}
{"level":"debug","message":"GET /api/verifications?page=1&limit=20&year=","timestamp":"2026-03-04 17:25:48"}
{"level":"debug","message":"GET /api/verifications?page=1&limit=20&year=","timestamp":"2026-03-04 17:25:49"}
{"level":"debug","message":"GET /api/counties","timestamp":"2026-03-04 17:25:51"}
{"level":"debug","message":"GET /api/counties","timestamp":"2026-03-04 17:25:51"}
{"level":"debug","message":"GET /api/facilities?page=1&limit=20&search=","timestamp":"2026-03-04 17:25:51"}
{"level":"debug","message":"GET /api/auth/me","timestamp":"2026-03-04 17:32:28"}
{"level":"debug","message":"GET /api/auth/me","timestamp":"2026-03-04 17:32:28"}
{"level":"debug","message":"GET /api/counties","timestamp":"2026-03-04 17:32:28"}
{"level":"debug","message":"GET /api/counties","timestamp":"2026-03-04 17:32:29"}
{"level":"debug","message":"GET /api/facilities?page=1&limit=20&search=","timestamp":"2026-03-04 17:32:29"}
{"level":"info","message":"🚀 Server on port 5000 [development]","timestamp":"2026-03-04 17:38:01"}
{"level":"debug","message":"POST /api/auth/login","timestamp":"2026-03-04 17:38:12"}
{"level":"debug","message":"GET /api/dashboard","timestamp":"2026-03-04 17:38:13"}
{"level":"debug","message":"GET /api/dashboard","timestamp":"2026-03-04 17:38:14"}
{"level":"debug","message":"GET /api/counties","timestamp":"2026-03-04 17:38:17"}
{"level":"debug","message":"GET /api/counties","timestamp":"2026-03-04 17:38:17"}
{"level":"debug","message":"GET /api/devices?page=1&limit=20&search=&status=&countyId=","timestamp":"2026-03-04 17:38:18"}
{"level":"debug","message":"GET /api/counties","timestamp":"2026-03-04 17:38:20"}
{"level":"debug","message":"GET /api/counties","timestamp":"2026-03-04 17:38:20"}
{"level":"debug","message":"GET /api/facilities?page=1&limit=20&search=","timestamp":"2026-03-04 17:38:20"}
{"level":"debug","message":"DELETE /api/facilities/1","timestamp":"2026-03-04 17:38:25"}
{"level":"debug","message":"GET /api/facilities?page=1&limit=20&search=","timestamp":"2026-03-04 17:38:25"}
{"level":"debug","message":"POST /api/facilities/import","timestamp":"2026-03-04 17:40:22"}
{"level":"debug","message":"GET /api/facilities?page=1&limit=20&search=","timestamp":"2026-03-04 17:40:23"}
{"level":"debug","message":"GET /api/counties","timestamp":"2026-03-04 17:40:38"}
{"level":"debug","message":"GET /api/devices?page=1&limit=20&search=&status=&countyId=","timestamp":"2026-03-04 17:40:38"}
{"level":"debug","message":"GET /api/counties","timestamp":"2026-03-04 17:40:38"}
{"level":"debug","message":"GET /api/counties","timestamp":"2026-03-04 17:40:40"}
{"level":"debug","message":"GET /api/affiliations","timestamp":"2026-03-04 17:40:40"}
{"level":"debug","message":"GET /api/facilities?limit=500","timestamp":"2026-03-04 17:40:40"}
{"level":"debug","message":"GET /api/counties","timestamp":"2026-03-04 17:40:40"}
{"level":"debug","message":"GET /api/affiliations","timestamp":"2026-03-04 17:40:40"}
{"level":"debug","message":"GET /api/facilities?limit=500","timestamp":"2026-03-04 17:40:40"}
{"level":"debug","message":"GET /api/counties/43/sub-counties","timestamp":"2026-03-04 17:40:46"}
{"level":"debug","message":"GET /api/counties","timestamp":"2026-03-04 17:41:32"}
{"level":"debug","message":"GET /api/counties","timestamp":"2026-03-04 17:41:32"}
{"level":"debug","message":"GET /api/facilities?page=1&limit=20&search=","timestamp":"2026-03-04 17:41:33"}
{"level":"debug","message":"GET /api/verifications?page=1&limit=20&year=","timestamp":"2026-03-04 17:41:34"}
{"level":"debug","message":"GET /api/verifications?page=1&limit=20&year=","timestamp":"2026-03-04 17:41:34"}
{"level":"debug","message":"GET /api/counties","timestamp":"2026-03-04 17:41:36"}
{"level":"debug","message":"GET /api/counties","timestamp":"2026-03-04 17:41:36"}
{"level":"debug","message":"GET /api/facilities?page=1&limit=20&search=","timestamp":"2026-03-04 17:41:37"}
{"level":"debug","message":"GET /api/facilities?page=1&limit=20&search=ki","timestamp":"2026-03-04 17:41:54"}
{"level":"debug","message":"GET /api/facilities?page=1&limit=20&search=kise","timestamp":"2026-03-04 17:41:55"}
{"level":"debug","message":"GET /api/facilities?page=1&limit=20&search=","timestamp":"2026-03-04 17:42:00"}
{"level":"debug","message":"GET /api/facilities?page=1&limit=20&search=sokl","timestamp":"2026-03-04 17:42:04"}
{"level":"debug","message":"GET /api/counties/43/sub-counties","timestamp":"2026-03-04 17:42:08"}
{"level":"debug","message":"GET /api/counties/43/sub-counties","timestamp":"2026-03-04 17:42:08"}
{"level":"debug","message":"PATCH /api/facilities/154","timestamp":"2026-03-04 17:42:19"}
{"level":"debug","message":"GET /api/facilities?page=1&limit=20&search=sokl","timestamp":"2026-03-04 17:42:20"}
{"level":"debug","message":"GET /api/facilities?page=1&limit=20&search=","timestamp":"2026-03-04 17:42:23"}
{"level":"debug","message":"GET /api/verifications?page=1&limit=20&year=","timestamp":"2026-03-04 17:42:31"}
{"level":"debug","message":"GET /api/verifications?page=1&limit=20&year=","timestamp":"2026-03-04 17:42:31"}
{"level":"debug","message":"GET /api/counties","timestamp":"2026-03-04 17:42:32"}
{"level":"debug","message":"GET /api/counties","timestamp":"2026-03-04 17:42:32"}
{"level":"debug","message":"GET /api/devices?page=1&limit=20&search=&status=&countyId=","timestamp":"2026-03-04 17:42:33"}
{"level":"debug","message":"GET /api/dashboard","timestamp":"2026-03-04 17:42:34"}
{"level":"debug","message":"GET /api/dashboard","timestamp":"2026-03-04 17:42:35"}
{"level":"debug","message":"GET /api/counties","timestamp":"2026-03-04 17:42:41"}
{"level":"debug","message":"GET /api/counties","timestamp":"2026-03-04 17:42:42"}
{"level":"debug","message":"GET /api/devices?page=1&limit=20&search=&status=&countyId=","timestamp":"2026-03-04 17:42:42"}
{"level":"debug","message":"GET /api/users?page=1&limit=20&search=","timestamp":"2026-03-04 17:42:45"}
{"level":"debug","message":"POST /api/auth/register","timestamp":"2026-03-04 17:43:08"}
{"level":"debug","message":"GET /api/users?page=1&limit=20&search=","timestamp":"2026-03-04 17:43:09"}
{"level":"debug","message":"POST /api/auth/login","timestamp":"2026-03-04 17:43:23"}
{"level":"debug","message":"GET /api/dashboard","timestamp":"2026-03-04 17:43:24"}
{"level":"debug","message":"GET /api/dashboard","timestamp":"2026-03-04 17:43:24"}
{"level":"debug","message":"GET /api/verifications?page=1&limit=20&year=","timestamp":"2026-03-04 17:43:28"}
{"level":"debug","message":"GET /api/verifications?page=1&limit=20&year=","timestamp":"2026-03-04 17:43:28"}
{"level":"debug","message":"GET /api/counties","timestamp":"2026-03-04 17:43:29"}
{"level":"debug","message":"GET /api/counties","timestamp":"2026-03-04 17:43:30"}
{"level":"debug","message":"GET /api/devices?page=1&limit=20&search=&status=&countyId=","timestamp":"2026-03-04 17:43:30"}
{"level":"debug","message":"GET /api/dashboard","timestamp":"2026-03-04 17:43:32"}
{"level":"debug","message":"GET /api/dashboard","timestamp":"2026-03-04 17:43:32"}
{"level":"debug","message":"GET /api/counties","timestamp":"2026-03-04 17:43:34"}
{"level":"debug","message":"GET /api/counties","timestamp":"2026-03-04 17:43:34"}
{"level":"debug","message":"GET /api/devices?page=1&limit=20&search=&status=&countyId=","timestamp":"2026-03-04 17:43:34"}
{"level":"debug","message":"GET /api/verifications?page=1&limit=20&year=","timestamp":"2026-03-04 17:43:37"}
{"level":"debug","message":"GET /api/verifications?page=1&limit=20&year=","timestamp":"2026-03-04 17:43:37"}
{"level":"debug","message":"GET /api/counties","timestamp":"2026-03-04 17:43:38"}
{"level":"debug","message":"GET /api/counties","timestamp":"2026-03-04 17:43:38"}
{"level":"debug","message":"GET /api/facilities?page=1&limit=20&search=","timestamp":"2026-03-04 17:43:39"}
{"level":"debug","message":"GET /api/dashboard","timestamp":"2026-03-04 17:43:39"}
{"level":"debug","message":"GET /api/dashboard","timestamp":"2026-03-04 17:43:39"}
{"level":"debug","message":"GET /api/counties","timestamp":"2026-03-04 17:43:40"}
{"level":"debug","message":"GET /api/counties","timestamp":"2026-03-04 17:43:41"}
{"level":"debug","message":"GET /api/facilities?page=1&limit=20&search=","timestamp":"2026-03-04 17:43:41"}
{"level":"debug","message":"GET /api/dashboard","timestamp":"2026-03-04 17:43:50"}
{"level":"debug","message":"GET /api/dashboard","timestamp":"2026-03-04 17:43:51"}
{"level":"debug","message":"GET /api/counties","timestamp":"2026-03-04 17:44:00"}
{"level":"debug","message":"GET /api/counties","timestamp":"2026-03-04 17:44:01"}
{"level":"debug","message":"GET /api/devices?page=1&limit=20&search=&status=&countyId=","timestamp":"2026-03-04 17:44:01"}
{"level":"debug","message":"GET /api/dashboard","timestamp":"2026-03-04 17:45:19"}
{"level":"debug","message":"GET /api/dashboard","timestamp":"2026-03-04 17:45:19"}
{"level":"debug","message":"GET /api/counties","timestamp":"2026-03-04 17:45:41"}
{"level":"debug","message":"GET /api/devices?page=1&limit=20&search=&status=&countyId=","timestamp":"2026-03-04 17:45:42"}
{"level":"debug","message":"GET /api/counties","timestamp":"2026-03-04 17:45:42"}
{"level":"debug","message":"GET /api/verifications?page=1&limit=20&year=","timestamp":"2026-03-04 17:45:43"}
{"level":"debug","message":"GET /api/verifications?page=1&limit=20&year=","timestamp":"2026-03-04 17:45:44"}
{"level":"debug","message":"GET /api/counties","timestamp":"2026-03-04 17:45:46"}
{"level":"debug","message":"GET /api/counties","timestamp":"2026-03-04 17:45:46"}
{"level":"debug","message":"GET /api/facilities?page=1&limit=20&search=","timestamp":"2026-03-04 17:45:46"}
{"level":"debug","message":"GET /api/counties","timestamp":"2026-03-04 17:45:50"}
{"level":"debug","message":"GET /api/counties","timestamp":"2026-03-04 17:45:50"}
{"level":"debug","message":"GET /api/devices?page=1&limit=20&search=&status=&countyId=","timestamp":"2026-03-04 17:45:50"}
{"level":"debug","message":"POST /api/auth/login","timestamp":"2026-03-04 17:46:00"}
{"level":"debug","message":"GET /api/dashboard","timestamp":"2026-03-04 17:46:01"}
{"level":"debug","message":"GET /api/dashboard","timestamp":"2026-03-04 17:46:01"}
{"level":"debug","message":"GET /api/counties","timestamp":"2026-03-04 17:46:04"}
{"level":"debug","message":"GET /api/counties","timestamp":"2026-03-04 17:46:04"}
{"level":"debug","message":"GET /api/devices?page=1&limit=20&search=&status=&countyId=","timestamp":"2026-03-04 17:46:04"}
{"level":"debug","message":"POST /api/devices/import","timestamp":"2026-03-04 17:46:40"}
{"level":"debug","message":"GET /api/devices?page=1&limit=20&search=&status=&countyId=","timestamp":"2026-03-04 17:46:41"}
{"level":"debug","message":"GET /api/auth/me","timestamp":"2026-03-04 17:46:55"}
{"level":"debug","message":"GET /api/auth/me","timestamp":"2026-03-04 17:46:55"}
{"level":"debug","message":"GET /api/counties","timestamp":"2026-03-04 17:46:55"}
{"level":"debug","message":"GET /api/devices?page=1&limit=20&search=&status=&countyId=","timestamp":"2026-03-04 17:46:55"}
{"level":"debug","message":"GET /api/counties","timestamp":"2026-03-04 17:46:55"}
{"level":"debug","message":"GET /api/counties","timestamp":"2026-03-04 17:47:08"}
{"level":"debug","message":"GET /api/affiliations","timestamp":"2026-03-04 17:47:09"}
{"level":"debug","message":"GET /api/facilities?limit=500","timestamp":"2026-03-04 17:47:09"}
{"level":"debug","message":"GET /api/counties","timestamp":"2026-03-04 17:47:09"}
{"level":"debug","message":"GET /api/affiliations","timestamp":"2026-03-04 17:47:09"}
{"level":"debug","message":"GET /api/facilities?limit=500","timestamp":"2026-03-04 17:47:09"}
{"level":"debug","message":"POST /api/affiliations","timestamp":"2026-03-04 17:47:34"}
{"level":"debug","message":"POST /api/affiliations","timestamp":"2026-03-04 17:47:42"}
{"level":"debug","message":"POST /api/affiliations","timestamp":"2026-03-04 17:47:56"}
{"level":"debug","message":"POST /api/affiliations","timestamp":"2026-03-04 17:48:09"}
{"level":"debug","message":"GET /api/counties/43/sub-counties","timestamp":"2026-03-04 17:49:26"}
{"level":"debug","message":"POST /api/devices","timestamp":"2026-03-04 17:50:17"}
{"level":"error","message":"Unhandled error Invalid key length","stack":"RangeError: Invalid key length\n    at Cipheriv.createCipherBase (node:internal/crypto/cipher:121:19)\n    at Cipheriv.createCipherWithIV (node:internal/crypto/cipher:140:3)\n    at new Cipheriv (node:internal/crypto/cipher:243:3)\n    at Object.createCipheriv (node:crypto:147:10)\n    at encrypt (C:\\Users\\nwambulwa\\OneDrive\\Projects\\Tabtrack\\backend\\src\\utils\\index.js:18:22)\n    at Object.create (C:\\Users\\nwambulwa\\OneDrive\\Projects\\Tabtrack\\backend\\src\\models\\device.model.js:97:32)\n    at process.processTicksAndRejections (node:internal/process/task_queues:95:5)\n    at async createDevice (C:\\Users\\nwambulwa\\OneDrive\\Projects\\Tabtrack\\backend\\src\\controllers\\index.js:361:16)","timestamp":"2026-03-04 17:50:17","url":"/api/devices"}
{"level":"info","message":"🚀 Server on port 5000 [development]","timestamp":"2026-03-04 17:51:21"}
{"level":"debug","message":"POST /api/devices","timestamp":"2026-03-04 17:53:56"}
{"level":"error","message":"Unhandled error Invalid key length","stack":"RangeError: Invalid key length\n    at Cipheriv.createCipherBase (node:internal/crypto/cipher:121:19)\n    at Cipheriv.createCipherWithIV (node:internal/crypto/cipher:140:3)\n    at new Cipheriv (node:internal/crypto/cipher:243:3)\n    at Object.createCipheriv (node:crypto:147:10)\n    at encrypt (C:\\Users\\nwambulwa\\OneDrive\\Projects\\Tabtrack\\backend\\src\\utils\\index.js:18:22)\n    at Object.create (C:\\Users\\nwambulwa\\OneDrive\\Projects\\Tabtrack\\backend\\src\\models\\device.model.js:97:32)\n    at process.processTicksAndRejections (node:internal/process/task_queues:95:5)\n    at async createDevice (C:\\Users\\nwambulwa\\OneDrive\\Projects\\Tabtrack\\backend\\src\\controllers\\index.js:361:16)","timestamp":"2026-03-04 17:53:56","url":"/api/devices"}
{"level":"debug","message":"POST /api/devices","timestamp":"2026-03-04 17:54:03"}
{"level":"error","message":"Unhandled error Invalid key length","stack":"RangeError: Invalid key length\n    at Cipheriv.createCipherBase (node:internal/crypto/cipher:121:19)\n    at Cipheriv.createCipherWithIV (node:internal/crypto/cipher:140:3)\n    at new Cipheriv (node:internal/crypto/cipher:243:3)\n    at Object.createCipheriv (node:crypto:147:10)\n    at encrypt (C:\\Users\\nwambulwa\\OneDrive\\Projects\\Tabtrack\\backend\\src\\utils\\index.js:18:22)\n    at Object.create (C:\\Users\\nwambulwa\\OneDrive\\Projects\\Tabtrack\\backend\\src\\models\\device.model.js:97:32)\n    at process.processTicksAndRejections (node:internal/process/task_queues:95:5)\n    at async createDevice (C:\\Users\\nwambulwa\\OneDrive\\Projects\\Tabtrack\\backend\\src\\controllers\\index.js:361:16)","timestamp":"2026-03-04 17:54:03","url":"/api/devices"}
{"level":"debug","message":"GET /api/auth/me","timestamp":"2026-03-04 17:54:19"}
{"level":"debug","message":"GET /api/auth/me","timestamp":"2026-03-04 17:54:19"}
{"level":"debug","message":"GET /api/counties","timestamp":"2026-03-04 17:54:19"}
{"level":"debug","message":"GET /api/counties","timestamp":"2026-03-04 17:54:20"}
{"level":"debug","message":"GET /api/devices?page=1&limit=20&search=&status=&countyId=","timestamp":"2026-03-04 17:54:20"}
{"level":"debug","message":"GET /api/affiliations","timestamp":"2026-03-04 17:54:22"}
{"level":"debug","message":"GET /api/counties","timestamp":"2026-03-04 17:54:22"}
{"level":"debug","message":"GET /api/facilities?limit=500","timestamp":"2026-03-04 17:54:23"}
{"level":"debug","message":"GET /api/affiliations","timestamp":"2026-03-04 17:54:23"}
{"level":"debug","message":"GET /api/counties","timestamp":"2026-03-04 17:54:23"}
{"level":"debug","message":"GET /api/facilities?limit=500","timestamp":"2026-03-04 17:54:23"}
{"level":"debug","message":"GET /api/counties/43/sub-counties","timestamp":"2026-03-04 17:54:59"}
{"level":"debug","message":"POST /api/devices","timestamp":"2026-03-04 17:55:49"}
{"level":"error","message":"Unhandled error Invalid key length","stack":"RangeError: Invalid key length\n    at Cipheriv.createCipherBase (node:internal/crypto/cipher:121:19)\n    at Cipheriv.createCipherWithIV (node:internal/crypto/cipher:140:3)\n    at new Cipheriv (node:internal/crypto/cipher:243:3)\n    at Object.createCipheriv (node:crypto:147:10)\n    at encrypt (C:\\Users\\nwambulwa\\OneDrive\\Projects\\Tabtrack\\backend\\src\\utils\\index.js:18:22)\n    at Object.create (C:\\Users\\nwambulwa\\OneDrive\\Projects\\Tabtrack\\backend\\src\\models\\device.model.js:97:32)\n    at process.processTicksAndRejections (node:internal/process/task_queues:95:5)\n    at async createDevice (C:\\Users\\nwambulwa\\OneDrive\\Projects\\Tabtrack\\backend\\src\\controllers\\index.js:361:16)","timestamp":"2026-03-04 17:55:49","url":"/api/devices"}
{"level":"info","message":"🚀 Server on port 5000 [development]","timestamp":"2026-03-04 17:56:27"}
{"level":"debug","message":"POST /api/devices","timestamp":"2026-03-04 17:56:32"}
{"err":"invalid signature","ip":"::1","level":"warn","message":"JWT failed","timestamp":"2026-03-04 17:56:32"}
{"level":"debug","message":"POST /api/auth/login","timestamp":"2026-03-04 17:56:36"}
{"level":"debug","message":"GET /api/dashboard","timestamp":"2026-03-04 17:56:36"}
{"level":"debug","message":"GET /api/dashboard","timestamp":"2026-03-04 17:56:37"}
{"level":"debug","message":"GET /api/counties","timestamp":"2026-03-04 17:57:08"}
{"level":"debug","message":"GET /api/counties","timestamp":"2026-03-04 17:57:08"}
{"level":"debug","message":"GET /api/devices?page=1&limit=20&search=&status=&countyId=","timestamp":"2026-03-04 17:57:08"}
{"level":"debug","message":"GET /api/counties","timestamp":"2026-03-04 17:57:22"}
{"level":"debug","message":"GET /api/affiliations","timestamp":"2026-03-04 17:57:23"}
{"level":"debug","message":"GET /api/facilities?limit=500","timestamp":"2026-03-04 17:57:23"}
{"level":"debug","message":"GET /api/counties","timestamp":"2026-03-04 17:57:23"}
{"level":"debug","message":"GET /api/affiliations","timestamp":"2026-03-04 17:57:23"}
{"level":"debug","message":"GET /api/facilities?limit=500","timestamp":"2026-03-04 17:57:23"}
{"level":"debug","message":"GET /api/counties/43/sub-counties","timestamp":"2026-03-04 17:57:58"}
{"level":"debug","message":"POST /api/devices","timestamp":"2026-03-04 17:58:37"}
{"level":"error","message":"Unhandled error Invalid key length","stack":"RangeError: Invalid key length\n    at Cipheriv.createCipherBase (node:internal/crypto/cipher:121:19)\n    at Cipheriv.createCipherWithIV (node:internal/crypto/cipher:140:3)\n    at new Cipheriv (node:internal/crypto/cipher:243:3)\n    at Object.createCipheriv (node:crypto:147:10)\n    at encrypt (C:\\Users\\nwambulwa\\OneDrive\\Projects\\Tabtrack\\backend\\src\\utils\\index.js:18:22)\n    at Object.create (C:\\Users\\nwambulwa\\OneDrive\\Projects\\Tabtrack\\backend\\src\\models\\device.model.js:97:32)\n    at process.processTicksAndRejections (node:internal/process/task_queues:95:5)\n    at async createDevice (C:\\Users\\nwambulwa\\OneDrive\\Projects\\Tabtrack\\backend\\src\\controllers\\index.js:361:16)","timestamp":"2026-03-04 17:58:38","url":"/api/devices"}
{"level":"info","message":"🚀 Server on port 5000 [development]","timestamp":"2026-03-04 17:59:39"}
{"level":"debug","message":"POST /api/devices","timestamp":"2026-03-04 17:59:44"}
{"err":"invalid signature","ip":"::1","level":"warn","message":"JWT failed","timestamp":"2026-03-04 17:59:44"}
{"level":"debug","message":"POST /api/auth/login","timestamp":"2026-03-04 17:59:46"}
{"level":"debug","message":"GET /api/dashboard","timestamp":"2026-03-04 17:59:47"}
{"level":"debug","message":"GET /api/dashboard","timestamp":"2026-03-04 17:59:47"}
{"level":"debug","message":"GET /api/counties","timestamp":"2026-03-04 17:59:51"}
{"level":"debug","message":"GET /api/counties","timestamp":"2026-03-04 17:59:52"}
{"level":"debug","message":"GET /api/devices?page=1&limit=20&search=&status=&countyId=","timestamp":"2026-03-04 17:59:52"}
{"level":"debug","message":"GET /api/counties","timestamp":"2026-03-04 17:59:55"}
{"level":"debug","message":"GET /api/affiliations","timestamp":"2026-03-04 17:59:55"}
{"level":"debug","message":"GET /api/facilities?limit=500","timestamp":"2026-03-04 17:59:55"}
{"level":"debug","message":"GET /api/counties","timestamp":"2026-03-04 17:59:55"}
{"level":"debug","message":"GET /api/affiliations","timestamp":"2026-03-04 17:59:55"}
{"level":"debug","message":"GET /api/facilities?limit=500","timestamp":"2026-03-04 17:59:55"}
{"level":"debug","message":"GET /api/counties/43/sub-counties","timestamp":"2026-03-04 18:00:48"}
{"level":"debug","message":"POST /api/devices","timestamp":"2026-03-04 18:01:25"}
{"level":"debug","message":"GET /api/devices?page=1&limit=20&search=&status=&countyId=","timestamp":"2026-03-04 18:01:25"}
{"level":"debug","message":"GET /api/verifications?page=1&limit=20&year=","timestamp":"2026-03-04 18:01:31"}
{"level":"debug","message":"GET /api/verifications?page=1&limit=20&year=","timestamp":"2026-03-04 18:01:32"}
{"level":"debug","message":"GET /api/counties","timestamp":"2026-03-04 18:01:35"}
{"level":"debug","message":"GET /api/counties","timestamp":"2026-03-04 18:01:36"}
{"level":"debug","message":"GET /api/devices?page=1&limit=20&search=&status=&countyId=","timestamp":"2026-03-04 18:01:36"}
{"level":"debug","message":"GET /api/devices/1","timestamp":"2026-03-04 18:01:39"}
{"level":"debug","message":"GET /api/devices/1","timestamp":"2026-03-04 18:01:39"}
{"level":"debug","message":"POST /api/devices/1/verify","timestamp":"2026-03-04 18:01:53"}
{"level":"debug","message":"GET /api/devices/1","timestamp":"2026-03-04 18:01:53"}
{"level":"debug","message":"GET /api/dashboard","timestamp":"2026-03-04 18:01:55"}
{"level":"debug","message":"GET /api/dashboard","timestamp":"2026-03-04 18:01:56"}
{"level":"debug","message":"GET /api/devices/1","timestamp":"2026-03-04 18:02:06"}
{"level":"debug","message":"GET /api/devices/1","timestamp":"2026-03-04 18:02:06"}
{"level":"debug","message":"GET /api/counties","timestamp":"2026-03-04 18:02:12"}
{"level":"debug","message":"GET /api/counties","timestamp":"2026-03-04 18:02:12"}
{"level":"debug","message":"GET /api/devices?page=1&limit=20&search=&status=&countyId=","timestamp":"2026-03-04 18:02:13"}
{"level":"debug","message":"GET /api/dashboard","timestamp":"2026-03-04 18:02:14"}
{"level":"debug","message":"GET /api/dashboard","timestamp":"2026-03-04 18:02:14"}
{"level":"debug","message":"GET /api/counties","timestamp":"2026-03-04 18:02:18"}
{"level":"debug","message":"GET /api/counties","timestamp":"2026-03-04 18:02:18"}
{"level":"debug","message":"GET /api/devices?page=1&limit=20&search=&status=&countyId=","timestamp":"2026-03-04 18:02:18"}
{"level":"debug","message":"GET /api/verifications?page=1&limit=20&year=","timestamp":"2026-03-04 18:04:31"}
{"level":"debug","message":"GET /api/verifications?page=1&limit=20&year=","timestamp":"2026-03-04 18:04:31"}
{"level":"debug","message":"GET /api/counties","timestamp":"2026-03-04 18:04:37"}
{"level":"debug","message":"GET /api/counties","timestamp":"2026-03-04 18:04:37"}
{"level":"debug","message":"GET /api/facilities?page=1&limit=20&search=","timestamp":"2026-03-04 18:04:38"}
{"level":"debug","message":"GET /api/users?page=1&limit=20&search=","timestamp":"2026-03-04 18:04:40"}
{"level":"debug","message":"PATCH /api/users/2","timestamp":"2026-03-04 18:05:01"}
{"level":"debug","message":"GET /api/users?page=1&limit=20&search=","timestamp":"2026-03-04 18:05:02"}
{"level":"debug","message":"POST /api/auth/login","timestamp":"2026-03-04 18:05:11"}
{"level":"debug","message":"GET /api/dashboard","timestamp":"2026-03-04 18:05:12"}
{"level":"debug","message":"GET /api/dashboard","timestamp":"2026-03-04 18:05:12"}
{"level":"debug","message":"GET /api/counties","timestamp":"2026-03-04 18:05:15"}
{"level":"debug","message":"GET /api/counties","timestamp":"2026-03-04 18:05:16"}
{"level":"debug","message":"GET /api/devices?page=1&limit=20&search=&status=&countyId=","timestamp":"2026-03-04 18:05:16"}
{"level":"debug","message":"GET /api/verifications?page=1&limit=20&year=","timestamp":"2026-03-04 18:05:19"}
{"level":"debug","message":"GET /api/verifications?page=1&limit=20&year=","timestamp":"2026-03-04 18:05:19"}
{"level":"debug","message":"GET /api/counties","timestamp":"2026-03-04 18:05:21"}
{"level":"debug","message":"GET /api/counties","timestamp":"2026-03-04 18:05:21"}
{"level":"debug","message":"GET /api/devices?page=1&limit=20&search=&status=&countyId=","timestamp":"2026-03-04 18:05:21"}
{"level":"debug","message":"GET /api/verifications?page=1&limit=20&year=","timestamp":"2026-03-04 18:05:26"}
{"level":"debug","message":"GET /api/verifications?page=1&limit=20&year=","timestamp":"2026-03-04 18:05:26"}
{"level":"debug","message":"GET /api/counties","timestamp":"2026-03-04 18:05:27"}
{"level":"debug","message":"GET /api/counties","timestamp":"2026-03-04 18:05:27"}
{"level":"debug","message":"GET /api/facilities?page=1&limit=20&search=","timestamp":"2026-03-04 18:05:28"}
{"level":"debug","message":"GET /api/verifications?page=1&limit=20&year=","timestamp":"2026-03-04 18:05:29"}
{"level":"debug","message":"GET /api/verifications?page=1&limit=20&year=","timestamp":"2026-03-04 18:05:30"}
{"level":"debug","message":"GET /api/counties","timestamp":"2026-03-04 18:05:36"}
{"level":"debug","message":"GET /api/counties","timestamp":"2026-03-04 18:05:36"}
{"level":"debug","message":"GET /api/devices?page=1&limit=20&search=&status=&countyId=","timestamp":"2026-03-04 18:05:37"}
{"level":"debug","message":"GET /api/devices/1","timestamp":"2026-03-04 18:05:41"}
{"level":"debug","message":"GET /api/devices/1","timestamp":"2026-03-04 18:05:41"}
{"level":"debug","message":"GET /api/counties","timestamp":"2026-03-04 18:05:53"}
{"level":"debug","message":"GET /api/facilities?limit=500","timestamp":"2026-03-04 18:05:54"}
{"level":"debug","message":"GET /api/counties","timestamp":"2026-03-04 18:05:54"}
{"level":"debug","message":"GET /api/facilities?limit=500","timestamp":"2026-03-04 18:05:54"}
{"level":"debug","message":"POST /api/devices/1/transfer","timestamp":"2026-03-04 18:06:09"}
{"level":"debug","message":"GET /api/devices/1","timestamp":"2026-03-04 18:06:09"}
{"level":"debug","message":"GET /api/dashboard","timestamp":"2026-03-04 18:06:13"}
{"level":"debug","message":"GET /api/dashboard","timestamp":"2026-03-04 18:06:14"}
{"level":"debug","message":"GET /api/devices/1","timestamp":"2026-03-04 18:06:16"}
{"level":"debug","message":"GET /api/devices/1","timestamp":"2026-03-04 18:06:17"}
{"level":"debug","message":"GET /api/verifications?page=1&limit=20&year=","timestamp":"2026-03-04 18:06:31"}
{"level":"debug","message":"GET /api/verifications?page=1&limit=20&year=","timestamp":"2026-03-04 18:06:32"}
{"level":"debug","message":"GET /api/dashboard","timestamp":"2026-03-04 18:06:32"}
{"level":"debug","message":"GET /api/dashboard","timestamp":"2026-03-04 18:06:33"}
{"level":"debug","message":"GET /api/counties","timestamp":"2026-03-04 18:06:40"}
{"level":"debug","message":"GET /api/counties","timestamp":"2026-03-04 18:06:40"}
{"level":"debug","message":"GET /api/devices?page=1&limit=20&search=&status=&countyId=","timestamp":"2026-03-04 18:06:41"}
{"level":"debug","message":"GET /api/counties","timestamp":"2026-03-04 18:06:43"}
{"level":"debug","message":"GET /api/affiliations","timestamp":"2026-03-04 18:06:43"}
{"level":"debug","message":"GET /api/facilities?limit=500","timestamp":"2026-03-04 18:06:43"}
{"level":"debug","message":"GET /api/counties","timestamp":"2026-03-04 18:06:43"}
{"level":"debug","message":"GET /api/affiliations","timestamp":"2026-03-04 18:06:43"}
{"level":"debug","message":"GET /api/facilities?limit=500","timestamp":"2026-03-04 18:06:43"}
{"level":"debug","message":"GET /api/devices/1","timestamp":"2026-03-04 18:08:54"}
{"level":"debug","message":"GET /api/devices/1","timestamp":"2026-03-04 18:08:54"}
{"level":"debug","message":"GET /api/counties","timestamp":"2026-03-04 18:09:11"}
{"level":"debug","message":"GET /api/counties","timestamp":"2026-03-04 18:09:11"}
{"level":"debug","message":"GET /api/devices?page=1&limit=20&search=&status=&countyId=","timestamp":"2026-03-04 18:09:12"}
{"level":"debug","message":"GET /api/dashboard","timestamp":"2026-03-04 18:09:20"}
{"level":"debug","message":"GET /api/dashboard","timestamp":"2026-03-04 18:09:20"}
{"level":"debug","message":"GET /api/counties","timestamp":"2026-03-04 18:09:22"}
{"level":"debug","message":"GET /api/counties","timestamp":"2026-03-04 18:09:22"}
{"level":"debug","message":"GET /api/devices?page=1&limit=20&search=&status=&countyId=","timestamp":"2026-03-04 18:09:23"}
{"level":"debug","message":"GET /api/verifications?page=1&limit=20&year=","timestamp":"2026-03-04 18:09:24"}
{"level":"debug","message":"GET /api/verifications?page=1&limit=20&year=","timestamp":"2026-03-04 18:09:25"}
{"level":"debug","message":"GET /api/counties","timestamp":"2026-03-04 18:09:26"}
{"level":"debug","message":"GET /api/counties","timestamp":"2026-03-04 18:09:26"}
{"level":"debug","message":"GET /api/facilities?page=1&limit=20&search=","timestamp":"2026-03-04 18:09:26"}
{"level":"debug","message":"GET /api/dashboard","timestamp":"2026-03-04 18:09:28"}
{"level":"debug","message":"GET /api/dashboard","timestamp":"2026-03-04 18:09:29"}
{"level":"debug","message":"GET /api/counties","timestamp":"2026-03-04 18:09:31"}
{"level":"debug","message":"GET /api/counties","timestamp":"2026-03-04 18:09:32"}
{"level":"debug","message":"GET /api/devices?page=1&limit=20&search=&status=&countyId=","timestamp":"2026-03-04 18:09:32"}
{"level":"debug","message":"GET /api/verifications?page=1&limit=20&year=","timestamp":"2026-03-04 18:09:34"}
{"level":"debug","message":"GET /api/verifications?page=1&limit=20&year=","timestamp":"2026-03-04 18:09:34"}
{"level":"debug","message":"GET /api/counties","timestamp":"2026-03-04 18:09:36"}
{"level":"debug","message":"GET /api/counties","timestamp":"2026-03-04 18:09:36"}
{"level":"debug","message":"GET /api/facilities?page=1&limit=20&search=","timestamp":"2026-03-04 18:09:37"}
{"level":"debug","message":"GET /api/dashboard","timestamp":"2026-03-04 18:09:39"}
{"level":"debug","message":"GET /api/dashboard","timestamp":"2026-03-04 18:09:39"}
{"level":"debug","message":"GET /api/counties","timestamp":"2026-03-04 18:12:20"}
{"level":"debug","message":"GET /api/devices?page=1&limit=20&search=&status=&countyId=","timestamp":"2026-03-04 18:12:20"}
{"level":"debug","message":"GET /api/counties","timestamp":"2026-03-04 18:12:20"}
{"level":"debug","message":"GET /api/devices/1","timestamp":"2026-03-04 18:12:25"}
{"level":"debug","message":"GET /api/devices/1","timestamp":"2026-03-04 18:12:25"}
{"level":"debug","message":"GET /api/counties","timestamp":"2026-03-04 18:12:27"}
{"level":"debug","message":"GET /api/facilities?limit=500","timestamp":"2026-03-04 18:12:27"}
{"level":"debug","message":"GET /api/counties","timestamp":"2026-03-04 18:12:27"}
{"level":"debug","message":"GET /api/facilities?limit=500","timestamp":"2026-03-04 18:12:27"}
{"level":"debug","message":"POST /api/devices/1/transfer","timestamp":"2026-03-04 18:12:46"}
{"level":"debug","message":"GET /api/devices/1","timestamp":"2026-03-04 18:12:46"}
{"level":"debug","message":"GET /api/counties","timestamp":"2026-03-04 18:12:51"}
{"level":"debug","message":"GET /api/counties","timestamp":"2026-03-04 18:12:51"}
{"level":"debug","message":"GET /api/devices?page=1&limit=20&search=&status=&countyId=","timestamp":"2026-03-04 18:12:51"}
{"level":"info","message":"🚀 Server on port 5000 [development]","timestamp":"2026-03-04 18:19:30"}
{"level":"debug","message":"GET /api/devices/1","timestamp":"2026-03-04 18:20:34"}
{"level":"debug","message":"GET /api/devices/1","timestamp":"2026-03-04 18:20:34"}
{"level":"debug","message":"GET /api/devices/1","timestamp":"2026-03-04 18:21:51"}
{"level":"debug","message":"GET /api/devices/1","timestamp":"2026-03-04 18:21:51"}
{"level":"debug","message":"GET /api/devices/1","timestamp":"2026-03-04 18:23:25"}
{"level":"debug","message":"GET /api/devices/1","timestamp":"2026-03-04 18:23:51"}
{"level":"debug","message":"GET /api/devices/1","timestamp":"2026-03-04 18:23:52"}
{"level":"debug","message":"GET /api/auth/me","timestamp":"2026-03-04 18:23:52"}
{"level":"debug","message":"GET /api/auth/me","timestamp":"2026-03-04 18:23:52"}
{"level":"debug","message":"GET /api/devices/1","timestamp":"2026-03-04 18:23:52"}
{"level":"debug","message":"GET /api/devices/1","timestamp":"2026-03-04 18:23:53"}
{"level":"debug","message":"GET /api/devices/1","timestamp":"2026-03-04 18:23:53"}
{"level":"debug","message":"GET /api/devices/1","timestamp":"2026-03-04 18:23:53"}
{"level":"debug","message":"GET /api/devices/1","timestamp":"2026-03-04 18:28:10"}
{"level":"debug","message":"GET /api/devices/1","timestamp":"2026-03-04 18:28:10"}
{"level":"debug","message":"GET /api/auth/me","timestamp":"2026-03-04 18:28:17"}
{"level":"debug","message":"GET /api/auth/me","timestamp":"2026-03-04 18:28:17"}
{"level":"debug","message":"GET /api/devices/1","timestamp":"2026-03-04 18:28:17"}
{"level":"debug","message":"GET /api/devices/1","timestamp":"2026-03-04 18:28:18"}
{"level":"debug","message":"POST /api/auth/login","timestamp":"2026-03-04 18:28:20"}
{"level":"debug","message":"GET /api/dashboard","timestamp":"2026-03-04 18:28:22"}
{"level":"debug","message":"GET /api/dashboard","timestamp":"2026-03-04 18:28:22"}
{"level":"debug","message":"GET /api/dashboard","timestamp":"2026-03-04 18:28:23"}
{"level":"debug","message":"GET /api/dashboard","timestamp":"2026-03-04 18:28:23"}
{"level":"debug","message":"GET /api/devices/1","timestamp":"2026-03-04 18:28:23"}
{"level":"debug","message":"GET /api/devices/1","timestamp":"2026-03-04 18:28:24"}
{"level":"debug","message":"GET /api/devices/1","timestamp":"2026-03-04 18:29:46"}
{"level":"debug","message":"GET /api/devices/1","timestamp":"2026-03-04 18:29:46"}
{"level":"debug","message":"GET /api/auth/me","timestamp":"2026-03-04 18:30:05"}
{"level":"debug","message":"GET /api/auth/me","timestamp":"2026-03-04 18:30:06"}
{"level":"debug","message":"GET /api/devices/1","timestamp":"2026-03-04 18:30:06"}
{"level":"debug","message":"GET /api/devices/1","timestamp":"2026-03-04 18:30:06"}
{"level":"debug","message":"GET /api/devices/1","timestamp":"2026-03-04 18:30:28"}
{"level":"debug","message":"GET /api/devices/1","timestamp":"2026-03-04 18:30:59"}
{"level":"debug","message":"GET /api/devices/1","timestamp":"2026-03-04 18:31:00"}
{"level":"debug","message":"GET /api/devices/1","timestamp":"2026-03-04 18:31:30"}
{"level":"debug","message":"GET /api/devices/1","timestamp":"2026-03-04 18:31:44"}
{"level":"debug","message":"GET /api/auth/me","timestamp":"2026-03-04 18:32:24"}
{"level":"debug","message":"GET /api/auth/me","timestamp":"2026-03-04 18:32:24"}
{"level":"debug","message":"GET /api/devices/1","timestamp":"2026-03-04 18:32:24"}
{"level":"debug","message":"GET /api/devices/1","timestamp":"2026-03-04 18:32:24"}
{"level":"debug","message":"GET /api/devices/1","timestamp":"2026-03-04 18:32:25"}
{"level":"debug","message":"GET /api/auth/me","timestamp":"2026-03-04 18:35:14"}
{"level":"debug","message":"GET /api/auth/me","timestamp":"2026-03-04 18:35:14"}
{"level":"debug","message":"GET /api/devices/1","timestamp":"2026-03-04 18:35:14"}
{"level":"debug","message":"GET /api/devices/1","timestamp":"2026-03-04 18:35:14"}
{"level":"debug","message":"POST /api/auth/login","timestamp":"2026-03-04 18:35:17"}
{"level":"debug","message":"GET /api/dashboard","timestamp":"2026-03-04 18:35:19"}
{"level":"debug","message":"GET /api/dashboard","timestamp":"2026-03-04 18:35:19"}
{"level":"debug","message":"GET /api/counties","timestamp":"2026-03-04 18:35:22"}
{"level":"debug","message":"GET /api/counties","timestamp":"2026-03-04 18:35:23"}
{"level":"debug","message":"GET /api/devices?page=1&limit=20&search=&status=&countyId=","timestamp":"2026-03-04 18:35:23"}
{"level":"debug","message":"GET /api/verifications?page=1&limit=20&year=","timestamp":"2026-03-04 18:35:25"}
{"level":"debug","message":"GET /api/verifications?page=1&limit=20&year=","timestamp":"2026-03-04 18:35:25"}
{"level":"debug","message":"GET /api/counties","timestamp":"2026-03-04 18:35:27"}
{"level":"debug","message":"GET /api/facilities?page=1&limit=20&search=","timestamp":"2026-03-04 18:35:27"}
{"level":"debug","message":"GET /api/counties","timestamp":"2026-03-04 18:35:28"}
{"level":"debug","message":"POST /api/auth/login","timestamp":"2026-03-04 18:35:38"}
{"level":"debug","message":"GET /api/dashboard","timestamp":"2026-03-04 18:35:40"}
{"level":"debug","message":"GET /api/dashboard","timestamp":"2026-03-04 18:35:40"}
{"level":"debug","message":"GET /api/counties","timestamp":"2026-03-04 18:35:42"}
{"level":"debug","message":"GET /api/counties","timestamp":"2026-03-04 18:35:42"}
{"level":"debug","message":"GET /api/facilities?page=1&limit=20&search=","timestamp":"2026-03-04 18:35:42"}
{"level":"debug","message":"GET /api/verifications?page=1&limit=20&year=","timestamp":"2026-03-04 18:35:43"}
{"level":"debug","message":"GET /api/verifications?page=1&limit=20&year=","timestamp":"2026-03-04 18:35:44"}
{"level":"debug","message":"GET /api/counties","timestamp":"2026-03-04 18:35:45"}
{"level":"debug","message":"GET /api/counties","timestamp":"2026-03-04 18:35:45"}
{"level":"debug","message":"GET /api/devices?page=1&limit=20&search=&status=&countyId=","timestamp":"2026-03-04 18:35:45"}
{"level":"debug","message":"GET /api/dashboard","timestamp":"2026-03-04 18:35:47"}
{"level":"debug","message":"GET /api/dashboard","timestamp":"2026-03-04 18:35:47"}
{"level":"debug","message":"GET /api/auth/me","timestamp":"2026-03-04 18:37:32"}
{"level":"debug","message":"GET /api/auth/me","timestamp":"2026-03-04 18:37:33"}
{"level":"debug","message":"GET /api/dashboard","timestamp":"2026-03-04 18:37:33"}
{"level":"debug","message":"GET /api/dashboard","timestamp":"2026-03-04 18:37:33"}
{"level":"debug","message":"GET /api/auth/me","timestamp":"2026-03-04 18:38:03"}
{"level":"debug","message":"GET /api/auth/me","timestamp":"2026-03-04 18:38:03"}
{"level":"debug","message":"GET /api/dashboard","timestamp":"2026-03-04 18:38:03"}
{"level":"debug","message":"GET /api/dashboard","timestamp":"2026-03-04 18:38:03"}
{"level":"debug","message":"GET /api/counties","timestamp":"2026-03-04 18:38:05"}
{"level":"debug","message":"GET /api/counties","timestamp":"2026-03-04 18:38:06"}
{"level":"debug","message":"GET /api/facilities?page=1&limit=20&search=","timestamp":"2026-03-04 18:38:06"}
{"level":"debug","message":"GET /api/verifications?page=1&limit=20&year=","timestamp":"2026-03-04 18:38:07"}
{"level":"debug","message":"GET /api/verifications?page=1&limit=20&year=","timestamp":"2026-03-04 18:38:07"}
{"level":"debug","message":"GET /api/counties","timestamp":"2026-03-04 18:38:08"}
{"level":"debug","message":"GET /api/counties","timestamp":"2026-03-04 18:38:08"}
{"level":"debug","message":"GET /api/devices?page=1&limit=20&search=&status=&countyId=","timestamp":"2026-03-04 18:38:08"}
{"level":"debug","message":"GET /api/dashboard","timestamp":"2026-03-04 18:38:08"}
{"level":"debug","message":"GET /api/dashboard","timestamp":"2026-03-04 18:38:09"}
{"level":"debug","message":"GET /api/auth/me","timestamp":"2026-03-04 18:38:29"}
{"level":"debug","message":"GET /api/auth/me","timestamp":"2026-03-04 18:38:30"}
{"level":"debug","message":"GET /api/dashboard","timestamp":"2026-03-04 18:38:30"}
{"level":"debug","message":"GET /api/dashboard","timestamp":"2026-03-04 18:38:30"}
{"level":"debug","message":"GET /api/counties","timestamp":"2026-03-04 18:38:33"}
{"level":"debug","message":"GET /api/counties","timestamp":"2026-03-04 18:38:33"}
{"level":"debug","message":"GET /api/facilities?page=1&limit=20&search=","timestamp":"2026-03-04 18:38:33"}
{"level":"debug","message":"GET /api/verifications?page=1&limit=20&year=","timestamp":"2026-03-04 18:38:35"}
{"level":"debug","message":"GET /api/verifications?page=1&limit=20&year=","timestamp":"2026-03-04 18:38:35"}
{"level":"debug","message":"GET /api/counties","timestamp":"2026-03-04 18:38:36"}
{"level":"debug","message":"GET /api/counties","timestamp":"2026-03-04 18:38:37"}
{"level":"debug","message":"GET /api/devices?page=1&limit=20&search=&status=&countyId=","timestamp":"2026-03-04 18:38:37"}
{"level":"debug","message":"GET /api/dashboard","timestamp":"2026-03-04 18:38:39"}
{"level":"debug","message":"GET /api/dashboard","timestamp":"2026-03-04 18:38:40"}
{"level":"debug","message":"GET /api/users?page=1&limit=20&search=","timestamp":"2026-03-04 18:38:41"}
{"level":"debug","message":"GET /api/auth/me","timestamp":"2026-03-04 18:40:37"}
{"level":"debug","message":"GET /api/auth/me","timestamp":"2026-03-04 18:40:37"}
{"level":"debug","message":"GET /api/users?page=1&limit=20&search=","timestamp":"2026-03-04 18:40:37"}
{"level":"debug","message":"GET /api/dashboard","timestamp":"2026-03-04 18:40:40"}
{"level":"debug","message":"GET /api/dashboard","timestamp":"2026-03-04 18:40:40"}
{"level":"debug","message":"POST /api/auth/login","timestamp":"2026-03-04 18:40:45"}
{"level":"debug","message":"GET /api/dashboard","timestamp":"2026-03-04 18:40:46"}
{"level":"debug","message":"GET /api/dashboard","timestamp":"2026-03-04 18:40:47"}
{"level":"debug","message":"GET /api/users?page=1&limit=20&search=","timestamp":"2026-03-04 18:41:07"}
{"level":"debug","message":"GET /api/auth/me","timestamp":"2026-03-04 18:41:09"}
{"level":"debug","message":"GET /api/auth/me","timestamp":"2026-03-04 18:41:09"}
{"level":"debug","message":"GET /api/users?page=1&limit=20&search=","timestamp":"2026-03-04 18:41:09"}
{"level":"debug","message":"GET /main.3ce207fc769b432a1a97.hot-update.json","timestamp":"2026-03-04 18:42:52"}
{"level":"debug","message":"GET /api/auth/me","timestamp":"2026-03-04 18:42:54"}
{"level":"debug","message":"GET /api/auth/me","timestamp":"2026-03-04 18:42:54"}
{"level":"debug","message":"GET /api/dashboard","timestamp":"2026-03-04 18:42:54"}
{"level":"debug","message":"GET /api/auth/me","timestamp":"2026-03-04 18:42:55"}
{"level":"debug","message":"GET /api/dashboard","timestamp":"2026-03-04 18:42:55"}
{"level":"debug","message":"GET /api/auth/me","timestamp":"2026-03-04 18:42:55"}
{"level":"debug","message":"GET /api/users?page=1&limit=20&search=","timestamp":"2026-03-04 18:42:55"}
{"level":"debug","message":"GET /api/counties","timestamp":"2026-03-04 18:43:00"}
{"level":"debug","message":"GET /api/counties","timestamp":"2026-03-04 18:43:00"}
{"level":"debug","message":"GET /api/facilities?page=1&limit=20&search=","timestamp":"2026-03-04 18:43:00"}
{"level":"debug","message":"GET /api/verifications?page=1&limit=20&year=","timestamp":"2026-03-04 18:43:01"}
{"level":"debug","message":"GET /api/verifications?page=1&limit=20&year=","timestamp":"2026-03-04 18:43:01"}
{"level":"debug","message":"GET /api/counties","timestamp":"2026-03-04 18:43:02"}
{"level":"debug","message":"GET /api/counties","timestamp":"2026-03-04 18:43:02"}
{"level":"debug","message":"GET /api/devices?page=1&limit=20&search=&status=&countyId=","timestamp":"2026-03-04 18:43:02"}
{"level":"debug","message":"GET /api/audit-logs?page=1&limit=20&search=&action=","timestamp":"2026-03-04 18:44:49"}
{"level":"debug","message":"GET /api/users?page=1&limit=20&search=","timestamp":"2026-03-04 18:45:56"}
{"level":"debug","message":"GET /api/audit-logs?page=1&limit=20&search=&action=","timestamp":"2026-03-04 18:45:57"}
{"level":"info","message":"🚀 Server on port 5000 [development]","timestamp":"2026-03-04 18:51:15"}
{"level":"debug","message":"GET /api/users?page=1&limit=20&search=","timestamp":"2026-03-04 18:51:24"}
{"level":"debug","message":"GET /api/audit-logs?page=1&limit=20&search=&action=","timestamp":"2026-03-04 18:51:25"}
{"level":"debug","message":"GET /api/audit-logs?page=2&limit=20&search=&action=","timestamp":"2026-03-04 18:51:36"}
{"level":"debug","message":"GET /api/audit-logs?page=1&limit=20&search=&action=","timestamp":"2026-03-04 18:51:39"}
{"level":"debug","message":"GET /api/dashboard","timestamp":"2026-03-04 18:51:42"}
{"level":"debug","message":"GET /api/dashboard","timestamp":"2026-03-04 18:51:42"}
{"level":"debug","message":"POST /api/auth/login","timestamp":"2026-03-04 18:51:51"}
{"level":"debug","message":"GET /api/dashboard","timestamp":"2026-03-04 18:51:52"}
{"level":"debug","message":"GET /api/dashboard","timestamp":"2026-03-04 18:51:52"}
{"level":"debug","message":"GET /api/counties","timestamp":"2026-03-04 18:51:57"}
{"level":"debug","message":"GET /api/counties","timestamp":"2026-03-04 18:51:57"}
{"level":"debug","message":"GET /api/devices?page=1&limit=20&search=&status=&countyId=","timestamp":"2026-03-04 18:51:57"}
{"level":"debug","message":"GET /api/dashboard","timestamp":"2026-03-04 18:52:18"}
{"level":"debug","message":"GET /api/dashboard","timestamp":"2026-03-04 18:52:19"}
{"level":"debug","message":"GET /api/counties","timestamp":"2026-03-04 18:52:20"}
{"level":"debug","message":"GET /api/counties","timestamp":"2026-03-04 18:52:20"}
{"level":"debug","message":"GET /api/devices?page=1&limit=20&search=&status=&countyId=","timestamp":"2026-03-04 18:52:21"}
{"level":"debug","message":"GET /api/devices/export?search=&status=&countyId=","timestamp":"2026-03-04 18:53:47"}
{"level":"debug","message":"POST /api/devices/import","timestamp":"2026-03-04 19:00:02"}
{"level":"debug","message":"GET /api/devices?page=1&limit=20&search=&status=&countyId=","timestamp":"2026-03-04 19:00:02"}
{"level":"debug","message":"GET /api/devices/1","timestamp":"2026-03-04 19:00:16"}
{"level":"debug","message":"GET /api/devices/1","timestamp":"2026-03-04 19:00:17"}
{"level":"debug","message":"GET /api/audit-logs?page=1&limit=20&search=&action=","timestamp":"2026-03-04 19:00:20"}
{"level":"debug","message":"GET /api/audit-logs?page=1&limit=20&search=&action=UPDATE","timestamp":"2026-03-04 19:00:42"}
{"level":"debug","message":"GET /api/audit-logs?page=1&limit=20&search=&action=DELETE","timestamp":"2026-03-04 19:00:44"}
{"level":"debug","message":"GET /api/audit-logs?page=1&limit=20&search=&action=VERIFY","timestamp":"2026-03-04 19:00:50"}
{"level":"debug","message":"GET /api/audit-logs?page=1&limit=20&search=&action=IMPORT","timestamp":"2026-03-04 19:00:54"}
{"level":"debug","message":"POST /api/auth/login","timestamp":"2026-03-04 19:01:15"}
{"level":"debug","message":"GET /api/dashboard","timestamp":"2026-03-04 19:01:16"}
{"level":"debug","message":"GET /api/dashboard","timestamp":"2026-03-04 19:01:16"}
{"level":"info","message":"🚀 Server on port 5000 [development]","timestamp":"2026-03-05 08:15:57"}
{"level":"info","message":"Server on port 5000 [development]","timestamp":"2026-03-05 08:16:32"}
{"level":"debug","message":"GET /favicon.ico","timestamp":"2026-03-05 08:16:50"}
{"level":"debug","message":"GET /favicon.ico","timestamp":"2026-03-05 08:16:50"}
{"level":"debug","message":"GET /favicon.ico","timestamp":"2026-03-05 08:16:50"}
{"level":"debug","message":"POST /api/auth/login","timestamp":"2026-03-05 08:16:54"}
{"level":"debug","message":"GET /api/dashboard","timestamp":"2026-03-05 08:16:54"}
{"level":"debug","message":"GET /api/dashboard","timestamp":"2026-03-05 08:16:55"}
{"level":"debug","message":"GET /api/audit-logs?page=1&limit=20&search=&action=","timestamp":"2026-03-05 08:17:10"}
{"level":"debug","message":"GET /api/users?page=1&limit=20&search=","timestamp":"2026-03-05 08:17:14"}
{"level":"debug","message":"GET /api/dashboard","timestamp":"2026-03-05 08:18:10"}
{"level":"debug","message":"GET /api/dashboard","timestamp":"2026-03-05 08:18:11"}
{"level":"debug","message":"GET /api/counties","timestamp":"2026-03-05 08:19:11"}
{"level":"debug","message":"GET /api/counties","timestamp":"2026-03-05 08:19:11"}
{"level":"debug","message":"GET /api/devices?page=1&limit=20&search=&status=&countyId=","timestamp":"2026-03-05 08:19:11"}
{"level":"debug","message":"GET /api/verifications?page=1&limit=20&year=","timestamp":"2026-03-05 08:19:13"}
{"level":"debug","message":"GET /api/verifications?page=1&limit=20&year=","timestamp":"2026-03-05 08:19:14"}
{"level":"debug","message":"GET /api/counties","timestamp":"2026-03-05 08:19:15"}
{"level":"debug","message":"GET /api/counties","timestamp":"2026-03-05 08:19:15"}
{"level":"debug","message":"GET /api/facilities?page=1&limit=20&search=","timestamp":"2026-03-05 08:19:16"}
{"level":"debug","message":"GET /api/dashboard","timestamp":"2026-03-05 08:19:22"}
{"level":"debug","message":"GET /api/dashboard","timestamp":"2026-03-05 08:19:22"}
{"level":"debug","message":"GET /api/counties","timestamp":"2026-03-05 08:19:25"}
{"level":"debug","message":"GET /api/counties","timestamp":"2026-03-05 08:19:25"}
{"level":"debug","message":"GET /api/devices?page=1&limit=20&search=&status=&countyId=","timestamp":"2026-03-05 08:19:25"}
{"level":"debug","message":"GET /api/devices/1","timestamp":"2026-03-05 08:19:27"}
{"level":"debug","message":"GET /api/devices/1","timestamp":"2026-03-05 08:19:27"}
{"level":"debug","message":"POST /api/devices/1/verify","timestamp":"2026-03-05 08:20:34"}
{"level":"debug","message":"GET /api/devices/1","timestamp":"2026-03-05 08:20:34"}
{"level":"debug","message":"GET /api/audit-logs?page=1&limit=20&search=&action=","timestamp":"2026-03-05 08:20:36"}
{"level":"debug","message":"GET /api/counties","timestamp":"2026-03-05 08:21:11"}
{"level":"debug","message":"GET /api/devices?page=1&limit=20&search=&status=&countyId=","timestamp":"2026-03-05 08:21:11"}
{"level":"debug","message":"GET /api/counties","timestamp":"2026-03-05 08:21:11"}
{"level":"debug","message":"GET /api/devices/1","timestamp":"2026-03-05 08:21:27"}
{"level":"debug","message":"GET /api/devices/1","timestamp":"2026-03-05 08:21:27"}
{"level":"debug","message":"GET /api/counties","timestamp":"2026-03-05 08:21:28"}
{"level":"debug","message":"GET /api/facilities?limit=500","timestamp":"2026-03-05 08:21:28"}
{"level":"debug","message":"GET /api/counties","timestamp":"2026-03-05 08:21:28"}
{"level":"debug","message":"GET /api/facilities?limit=500","timestamp":"2026-03-05 08:21:28"}
{"level":"debug","message":"GET /api/dashboard","timestamp":"2026-03-05 08:22:27"}
{"level":"debug","message":"GET /api/dashboard","timestamp":"2026-03-05 08:22:28"}
{"level":"debug","message":"GET /api/verifications?page=1&limit=20&year=","timestamp":"2026-03-05 08:22:37"}
{"level":"debug","message":"GET /api/verifications?page=1&limit=20&year=","timestamp":"2026-03-05 08:22:38"}
{"level":"debug","message":"GET /api/dashboard","timestamp":"2026-03-05 08:22:44"}
{"level":"debug","message":"GET /api/dashboard","timestamp":"2026-03-05 08:22:44"}
{"level":"debug","message":"GET /api/counties","timestamp":"2026-03-05 08:24:51"}
{"level":"debug","message":"GET /api/devices?page=1&limit=20&search=&status=&countyId=","timestamp":"2026-03-05 08:24:52"}
{"level":"debug","message":"GET /api/counties","timestamp":"2026-03-05 08:24:52"}
{"level":"debug","message":"GET /api/dashboard","timestamp":"2026-03-05 08:25:10"}
{"level":"debug","message":"GET /api/dashboard","timestamp":"2026-03-05 08:25:10"}
{"level":"debug","message":"GET /api/verifications?page=1&limit=20&year=","timestamp":"2026-03-05 08:25:20"}
{"level":"debug","message":"GET /api/verifications?page=1&limit=20&year=","timestamp":"2026-03-05 08:25:20"}
{"level":"debug","message":"GET /api/counties","timestamp":"2026-03-05 08:25:34"}
{"level":"debug","message":"GET /api/counties","timestamp":"2026-03-05 08:25:35"}
{"level":"debug","message":"GET /api/facilities?page=1&limit=20&search=","timestamp":"2026-03-05 08:25:35"}
{"level":"debug","message":"GET /api/facilities?page=1&limit=20&search=bonch","timestamp":"2026-03-05 08:25:47"}
{"level":"debug","message":"GET /api/facilities?page=1&limit=20&search=","timestamp":"2026-03-05 08:25:50"}
{"level":"debug","message":"GET /api/facilities?page=1&limit=20&search=med","timestamp":"2026-03-05 08:25:52"}
{"level":"debug","message":"GET /api/facilities?page=1&limit=20&search=med+","timestamp":"2026-03-05 08:25:55"}
{"level":"debug","message":"GET /api/facilities?page=1&limit=20&search=","timestamp":"2026-03-05 08:26:04"}
{"level":"debug","message":"GET /api/facilities?page=1&limit=20&search=sokl","timestamp":"2026-03-05 08:26:05"}
{"level":"debug","message":"GET /api/counties/43/sub-counties","timestamp":"2026-03-05 08:26:10"}
{"level":"debug","message":"GET /api/counties/43/sub-counties","timestamp":"2026-03-05 08:26:10"}
{"level":"debug","message":"GET /api/dashboard","timestamp":"2026-03-05 08:26:16"}
{"level":"debug","message":"GET /api/dashboard","timestamp":"2026-03-05 08:26:17"}
{"level":"info","message":"Server on port 5000 [development]","timestamp":"2026-03-06 08:37:25"}
{"level":"debug","message":"GET /api/auth/me","timestamp":"2026-03-06 08:38:47"}
{"err":"jwt expired","ip":"::1","level":"warn","message":"JWT failed","timestamp":"2026-03-06 08:38:47"}
{"level":"debug","message":"GET /favicon.ico","timestamp":"2026-03-06 08:38:48"}
{"level":"debug","message":"GET /api/auth/me","timestamp":"2026-03-06 08:38:48"}
{"err":"jwt expired","ip":"::1","level":"warn","message":"JWT failed","timestamp":"2026-03-06 08:38:48"}
{"level":"debug","message":"GET /favicon.ico","timestamp":"2026-03-06 08:38:48"}
{"level":"debug","message":"GET /favicon.ico","timestamp":"2026-03-06 08:38:48"}
{"level":"debug","message":"POST /api/auth/login","timestamp":"2026-03-06 08:43:02"}
{"level":"debug","message":"GET /api/dashboard","timestamp":"2026-03-06 08:43:03"}
{"level":"debug","message":"GET /api/dashboard","timestamp":"2026-03-06 08:43:03"}
{"level":"debug","message":"GET /api/counties","timestamp":"2026-03-06 08:43:08"}
{"level":"debug","message":"GET /api/counties","timestamp":"2026-03-06 08:43:08"}
{"level":"debug","message":"GET /api/devices?page=1&limit=20&search=&status=&countyId=","timestamp":"2026-03-06 08:43:09"}
{"level":"debug","message":"GET /api/devices/export?search=&status=&countyId=","timestamp":"2026-03-06 08:43:10"}
{"level":"debug","message":"GET /api/counties","timestamp":"2026-03-06 09:10:41"}
{"level":"debug","message":"GET /api/devices?page=1&limit=20&search=&status=&countyId=","timestamp":"2026-03-06 09:10:41"}
{"level":"debug","message":"GET /api/counties","timestamp":"2026-03-06 09:10:42"}
{"level":"debug","message":"GET /api/dashboard","timestamp":"2026-03-06 09:10:45"}
{"level":"debug","message":"GET /api/dashboard","timestamp":"2026-03-06 09:10:45"}
{"level":"debug","message":"GET /api/counties","timestamp":"2026-03-06 09:10:46"}
{"level":"debug","message":"GET /api/counties","timestamp":"2026-03-06 09:10:47"}
{"level":"debug","message":"GET /api/devices?page=1&limit=20&search=&status=&countyId=","timestamp":"2026-03-06 09:10:47"}
{"level":"debug","message":"GET /api/devices/1","timestamp":"2026-03-06 09:10:50"}
{"level":"debug","message":"GET /api/devices/1","timestamp":"2026-03-06 09:10:50"}
{"level":"debug","message":"GET /api/auth/me","timestamp":"2026-03-06 09:17:55"}
{"level":"debug","message":"GET /api/auth/me","timestamp":"2026-03-06 09:17:58"}
{"level":"debug","message":"GET /api/devices/1","timestamp":"2026-03-06 09:17:58"}
{"level":"debug","message":"GET /api/devices/1","timestamp":"2026-03-06 09:17:59"}
{"level":"debug","message":"GET /api/verifications?page=1&limit=20&year=","timestamp":"2026-03-06 09:18:13"}
{"level":"debug","message":"GET /api/verifications?page=1&limit=20&year=","timestamp":"2026-03-06 09:18:14"}
{"level":"debug","message":"GET /api/auth/me","timestamp":"2026-03-06 09:18:23"}
{"level":"debug","message":"GET /api/auth/me","timestamp":"2026-03-06 09:18:23"}
{"level":"debug","message":"GET /api/verifications?page=1&limit=20&year=","timestamp":"2026-03-06 09:18:24"}
{"level":"debug","message":"GET /api/verifications?page=1&limit=20&year=","timestamp":"2026-03-06 09:18:25"}
{"level":"info","message":"Server on port 5000 [development]","timestamp":"2026-03-06 09:24:37"}
{"level":"debug","message":"GET /api/dashboard","timestamp":"2026-03-06 09:25:26"}
{"level":"debug","message":"GET /api/dashboard","timestamp":"2026-03-06 09:25:27"}
{"level":"debug","message":"GET /api/counties","timestamp":"2026-03-06 09:25:28"}
{"level":"debug","message":"GET /api/counties","timestamp":"2026-03-06 09:25:28"}
{"level":"debug","message":"GET /api/devices?page=1&limit=20&search=&status=&countyId=","timestamp":"2026-03-06 09:25:28"}
{"level":"debug","message":"POST /api/devices/import","timestamp":"2026-03-06 09:25:39"}
{"level":"debug","message":"GET /api/devices?page=1&limit=20&search=&status=&countyId=","timestamp":"2026-03-06 09:25:40"}
{"level":"debug","message":"POST /api/devices/import","timestamp":"2026-03-06 09:26:02"}
{"level":"debug","message":"GET /api/devices?page=1&limit=20&search=&status=&countyId=","timestamp":"2026-03-06 09:26:02"}
{"level":"debug","message":"GET /api/auth/me","timestamp":"2026-03-06 09:26:06"}
{"level":"debug","message":"GET /api/auth/me","timestamp":"2026-03-06 09:26:06"}
{"level":"debug","message":"GET /api/counties","timestamp":"2026-03-06 09:26:07"}
{"level":"debug","message":"GET /api/devices?page=1&limit=20&search=&status=&countyId=","timestamp":"2026-03-06 09:26:07"}
{"level":"debug","message":"GET /api/counties","timestamp":"2026-03-06 09:26:07"}
{"level":"debug","message":"GET /api/counties","timestamp":"2026-03-06 09:29:31"}
{"level":"debug","message":"GET /api/devices?page=1&limit=20&search=&status=&countyId=","timestamp":"2026-03-06 09:29:32"}
{"level":"debug","message":"GET /api/counties","timestamp":"2026-03-06 09:29:32"}
{"level":"debug","message":"GET /api/devices?page=1&limit=20&search=&status=&countyId=","timestamp":"2026-03-06 09:29:32"}
{"level":"debug","message":"GET /api/counties","timestamp":"2026-03-06 09:29:32"}
{"level":"debug","message":"GET /api/counties","timestamp":"2026-03-06 09:29:32"}
{"level":"debug","message":"GET /api/devices?page=1&limit=20&search=&status=&countyId=","timestamp":"2026-03-06 09:29:32"}
{"level":"debug","message":"POST /api/devices/import","timestamp":"2026-03-06 09:29:36"}
{"level":"debug","message":"POST /api/devices/import","timestamp":"2026-03-06 09:31:22"}
{"level":"debug","message":"GET /api/auth/me","timestamp":"2026-03-06 09:31:28"}
{"level":"debug","message":"GET /api/auth/me","timestamp":"2026-03-06 09:31:28"}
{"level":"debug","message":"GET /api/counties","timestamp":"2026-03-06 09:31:29"}
{"level":"debug","message":"GET /api/devices?page=1&limit=20&search=&status=&countyId=","timestamp":"2026-03-06 09:31:29"}
{"level":"debug","message":"GET /api/counties","timestamp":"2026-03-06 09:31:29"}
{"level":"debug","message":"GET /api/devices/3","timestamp":"2026-03-06 09:31:44"}
{"level":"debug","message":"GET /api/devices/3","timestamp":"2026-03-06 09:31:44"}
{"level":"debug","message":"GET /api/counties","timestamp":"2026-03-06 09:31:49"}
{"level":"debug","message":"GET /api/devices?page=1&limit=20&search=&status=&countyId=","timestamp":"2026-03-06 09:31:50"}
{"level":"debug","message":"GET /api/counties","timestamp":"2026-03-06 09:31:50"}
{"level":"debug","message":"GET /api/counties","timestamp":"2026-03-06 09:31:51"}
{"level":"debug","message":"GET /api/affiliations","timestamp":"2026-03-06 09:31:51"}
{"level":"debug","message":"GET /api/facilities?limit=500","timestamp":"2026-03-06 09:31:51"}
{"level":"debug","message":"GET /api/counties","timestamp":"2026-03-06 09:31:51"}
{"level":"debug","message":"GET /api/affiliations","timestamp":"2026-03-06 09:31:51"}
{"level":"debug","message":"GET /api/facilities?limit=500","timestamp":"2026-03-06 09:31:51"}
{"level":"debug","message":"POST /api/devices/import","timestamp":"2026-03-06 09:39:53"}
{"level":"debug","message":"POST /api/devices/import","timestamp":"2026-03-06 09:46:46"}
{"level":"debug","message":"GET /api/auth/me","timestamp":"2026-03-06 09:46:59"}
{"level":"debug","message":"GET /api/auth/me","timestamp":"2026-03-06 09:47:02"}
{"level":"debug","message":"GET /api/counties","timestamp":"2026-03-06 09:47:02"}
{"level":"debug","message":"GET /api/devices?page=1&limit=20&search=&status=&countyId=","timestamp":"2026-03-06 09:47:02"}
{"level":"debug","message":"GET /api/counties","timestamp":"2026-03-06 09:47:03"}
{"level":"debug","message":"GET /api/dashboard","timestamp":"2026-03-06 09:47:05"}
{"level":"debug","message":"GET /api/dashboard","timestamp":"2026-03-06 09:47:05"}
{"level":"debug","message":"GET /api/verifications?page=1&limit=20&year=","timestamp":"2026-03-06 09:47:46"}
{"level":"debug","message":"GET /api/verifications?page=1&limit=20&year=","timestamp":"2026-03-06 09:47:47"}
{"level":"debug","message":"GET /api/dashboard","timestamp":"2026-03-06 09:47:51"}
{"level":"debug","message":"GET /api/dashboard","timestamp":"2026-03-06 09:47:51"}
{"level":"debug","message":"GET /api/devices/2","timestamp":"2026-03-06 09:47:52"}
{"level":"debug","message":"GET /api/devices/2","timestamp":"2026-03-06 09:47:52"}
{"level":"debug","message":"POST /api/devices/2/verify","timestamp":"2026-03-06 09:47:56"}
{"level":"debug","message":"GET /api/devices/2","timestamp":"2026-03-06 09:47:56"}
{"level":"debug","message":"GET /api/counties","timestamp":"2026-03-06 09:48:05"}
{"level":"debug","message":"GET /api/devices?page=1&limit=20&search=&status=&countyId=","timestamp":"2026-03-06 09:48:05"}
{"level":"debug","message":"GET /api/counties","timestamp":"2026-03-06 09:48:05"}
{"level":"debug","message":"GET /api/devices/38","timestamp":"2026-03-06 09:48:10"}
{"level":"debug","message":"GET /api/devices/38","timestamp":"2026-03-06 09:48:10"}
{"level":"debug","message":"GET /api/dashboard","timestamp":"2026-03-06 09:48:19"}
{"level":"debug","message":"GET /api/dashboard","timestamp":"2026-03-06 09:48:19"}
{"level":"info","message":"Server on port 5000 [development]","timestamp":"2026-03-06 11:00:36"}
{"level":"debug","message":"GET /favicon.ico","timestamp":"2026-03-06 11:03:25"}
{"level":"debug","message":"GET /api/auth/me","timestamp":"2026-03-06 11:03:25"}
{"level":"debug","message":"GET /favicon.ico","timestamp":"2026-03-06 11:03:25"}
{"level":"debug","message":"GET /api/auth/me","timestamp":"2026-03-06 11:03:25"}
{"level":"debug","message":"GET /api/dashboard","timestamp":"2026-03-06 11:03:25"}
{"level":"debug","message":"GET /api/dashboard","timestamp":"2026-03-06 11:03:26"}
{"level":"debug","message":"GET /api/auth/me","timestamp":"2026-03-06 11:26:56"}
{"level":"debug","message":"GET /api/auth/me","timestamp":"2026-03-06 11:26:56"}
{"level":"debug","message":"GET /api/auth/me","timestamp":"2026-03-06 11:26:57"}
{"level":"debug","message":"GET /api/auth/me","timestamp":"2026-03-06 11:26:57"}
{"level":"debug","message":"GET /api/dashboard","timestamp":"2026-03-06 11:26:57"}
{"level":"debug","message":"GET /api/dashboard","timestamp":"2026-03-06 11:26:57"}
{"level":"debug","message":"GET /api/counties","timestamp":"2026-03-06 11:27:11"}
{"level":"debug","message":"GET /api/counties","timestamp":"2026-03-06 11:27:11"}
{"level":"debug","message":"GET /api/devices?page=1&limit=20&search=&status=&countyId=","timestamp":"2026-03-06 11:27:11"}
{"level":"debug","message":"GET /api/verifications?page=1&limit=20&year=","timestamp":"2026-03-06 11:27:13"}
{"level":"debug","message":"GET /api/verifications?page=1&limit=20&year=","timestamp":"2026-03-06 11:27:13"}
{"level":"debug","message":"GET /api/counties","timestamp":"2026-03-06 11:27:16"}
{"level":"debug","message":"GET /api/facilities?page=1&limit=20&search=","timestamp":"2026-03-06 11:27:16"}
{"level":"debug","message":"GET /api/counties","timestamp":"2026-03-06 11:27:16"}
{"level":"debug","message":"GET /api/dashboard","timestamp":"2026-03-06 11:27:17"}
{"level":"debug","message":"GET /api/dashboard","timestamp":"2026-03-06 11:27:18"}
{"level":"debug","message":"POST /api/auth/login","timestamp":"2026-03-06 11:30:30"}
{"level":"debug","message":"GET /api/dashboard","timestamp":"2026-03-06 11:30:34"}
{"level":"debug","message":"GET /api/dashboard","timestamp":"2026-03-06 11:30:34"}
{"level":"debug","message":"GET /api/dashboard","timestamp":"2026-03-06 11:32:42"}
{"level":"debug","message":"GET /api/dashboard","timestamp":"2026-03-06 11:32:42"}
{"level":"debug","message":"GET /api/dashboard","timestamp":"2026-03-06 11:32:42"}
{"level":"debug","message":"GET /api/dashboard","timestamp":"2026-03-06 11:32:43"}
{"level":"info","message":"Server on port 5000 [development]","timestamp":"2026-03-06 11:33:16"}
{"level":"debug","message":"GET /api/dashboard","timestamp":"2026-03-06 11:34:00"}
{"level":"debug","message":"GET /api/devices/3","timestamp":"2026-03-06 11:34:53"}
{"level":"debug","message":"GET /api/devices/3","timestamp":"2026-03-06 11:34:53"}
{"level":"debug","message":"POST /api/devices/3/verify","timestamp":"2026-03-06 11:34:55"}
{"level":"debug","message":"GET /api/devices/3","timestamp":"2026-03-06 11:34:56"}
{"level":"debug","message":"GET /api/counties","timestamp":"2026-03-06 11:34:57"}
{"level":"debug","message":"GET /api/counties","timestamp":"2026-03-06 11:34:58"}
{"level":"debug","message":"GET /api/devices?page=1&limit=20&search=&status=&countyId=","timestamp":"2026-03-06 11:34:58"}
{"level":"debug","message":"GET /api/devices/32","timestamp":"2026-03-06 11:35:03"}
{"level":"debug","message":"GET /api/devices/32","timestamp":"2026-03-06 11:35:04"}
{"level":"debug","message":"POST /api/devices/32/verify","timestamp":"2026-03-06 11:35:06"}
{"level":"debug","message":"GET /api/devices/32","timestamp":"2026-03-06 11:35:07"}
{"level":"debug","message":"GET /api/counties","timestamp":"2026-03-06 11:35:09"}
{"level":"debug","message":"GET /api/counties","timestamp":"2026-03-06 11:35:09"}
{"level":"debug","message":"GET /api/devices?page=1&limit=20&search=&status=&countyId=","timestamp":"2026-03-06 11:35:10"}
{"level":"debug","message":"GET /api/dashboard","timestamp":"2026-03-06 11:35:14"}
{"level":"debug","message":"GET /api/dashboard","timestamp":"2026-03-06 11:35:14"}
{"level":"debug","message":"GET /api/counties","timestamp":"2026-03-06 11:35:17"}
{"level":"debug","message":"GET /api/counties","timestamp":"2026-03-06 11:35:17"}
{"level":"debug","message":"GET /api/devices?page=1&limit=20&search=&status=&countyId=","timestamp":"2026-03-06 11:35:17"}
{"level":"debug","message":"GET /api/counties","timestamp":"2026-03-06 11:35:19"}
{"level":"debug","message":"GET /api/counties","timestamp":"2026-03-06 11:35:19"}
{"level":"debug","message":"GET /api/facilities?page=1&limit=20&search=","timestamp":"2026-03-06 11:35:19"}
{"level":"debug","message":"GET /api/counties","timestamp":"2026-03-06 11:39:33"}
{"level":"debug","message":"GET /api/counties","timestamp":"2026-03-06 11:39:33"}
{"level":"debug","message":"GET /api/facilities?page=1&limit=20&search=","timestamp":"2026-03-06 11:39:35"}
{"level":"debug","message":"GET /api/auth/me","timestamp":"2026-03-06 11:40:10"}
{"level":"debug","message":"GET /api/auth/me","timestamp":"2026-03-06 11:40:10"}
{"level":"debug","message":"GET /api/auth/me","timestamp":"2026-03-06 11:40:11"}
{"level":"debug","message":"GET /api/auth/me","timestamp":"2026-03-06 11:40:13"}
{"level":"debug","message":"GET /api/counties","timestamp":"2026-03-06 11:40:13"}
{"level":"debug","message":"GET /api/facilities?page=1&limit=20&search=","timestamp":"2026-03-06 11:40:13"}
{"level":"debug","message":"GET /api/counties","timestamp":"2026-03-06 11:40:14"}
{"level":"info","message":"Server on port 5000 [development]","timestamp":"2026-03-06 11:45:17"}
{"level":"info","message":"Server on port 5000 [development]","timestamp":"2026-03-06 11:45:28"}
{"level":"debug","message":"GET /main.da18ca918a72cb371603.hot-update.json","timestamp":"2026-03-06 11:47:35"}
{"level":"info","message":"Server on port 5000 [development]","timestamp":"2026-03-06 11:50:05"}
{"level":"debug","message":"GET /api/auth/me","timestamp":"2026-03-06 11:52:27"}
{"level":"debug","message":"GET /api/auth/me","timestamp":"2026-03-06 11:52:28"}
{"level":"debug","message":"GET /api/dashboard","timestamp":"2026-03-06 11:52:28"}
{"level":"debug","message":"GET /api/dashboard","timestamp":"2026-03-06 11:52:28"}
{"level":"debug","message":"GET /api/counties","timestamp":"2026-03-06 11:52:35"}
{"level":"debug","message":"GET /api/counties","timestamp":"2026-03-06 11:52:35"}
{"level":"debug","message":"GET /api/facilities?page=1&limit=20&search=","timestamp":"2026-03-06 11:52:36"}
{"level":"debug","message":"GET /api/facilities/71","timestamp":"2026-03-06 11:52:37"}
{"level":"debug","message":"GET /api/devices?facilityId=71&page=1&limit=20","timestamp":"2026-03-06 11:52:37"}
{"level":"debug","message":"GET /api/facilities/71","timestamp":"2026-03-06 11:52:37"}
{"level":"debug","message":"GET /api/devices?facilityId=71&page=1&limit=20","timestamp":"2026-03-06 11:52:37"}
{"level":"debug","message":"GET /api/counties","timestamp":"2026-03-06 11:52:40"}
{"level":"debug","message":"GET /api/counties","timestamp":"2026-03-06 11:52:40"}
{"level":"debug","message":"GET /api/facilities?page=1&limit=20&search=","timestamp":"2026-03-06 11:52:40"}
{"level":"debug","message":"GET /api/facilities?page=1&limit=20&search=kise","timestamp":"2026-03-06 11:52:43"}
{"level":"debug","message":"GET /api/facilities/134","timestamp":"2026-03-06 11:52:44"}
{"level":"debug","message":"GET /api/devices?facilityId=134&page=1&limit=20","timestamp":"2026-03-06 11:52:44"}
{"level":"debug","message":"GET /api/facilities/134","timestamp":"2026-03-06 11:52:45"}
{"level":"debug","message":"GET /api/devices?facilityId=134&page=1&limit=20","timestamp":"2026-03-06 11:52:45"}
{"level":"debug","message":"GET /api/counties","timestamp":"2026-03-06 11:52:48"}
{"level":"debug","message":"GET /api/counties","timestamp":"2026-03-06 11:52:49"}
{"level":"debug","message":"GET /api/facilities?page=1&limit=20&search=","timestamp":"2026-03-06 11:52:49"}
{"level":"debug","message":"GET /api/facilities?page=1&limit=20&search=malela","timestamp":"2026-03-06 11:52:51"}
{"level":"debug","message":"GET /api/facilities/84","timestamp":"2026-03-06 11:52:52"}
{"level":"debug","message":"GET /api/devices?facilityId=84&page=1&limit=20","timestamp":"2026-03-06 11:52:53"}
{"level":"debug","message":"GET /api/facilities/84","timestamp":"2026-03-06 11:52:53"}
{"level":"debug","message":"GET /api/devices?facilityId=84&page=1&limit=20","timestamp":"2026-03-06 11:52:53"}
{"level":"debug","message":"GET /api/devices/18","timestamp":"2026-03-06 11:52:55"}
{"level":"debug","message":"GET /api/devices/18","timestamp":"2026-03-06 11:52:56"}
{"level":"debug","message":"GET /api/counties","timestamp":"2026-03-06 11:52:58"}
{"level":"debug","message":"GET /api/devices?page=1&limit=20&search=&status=&countyId=","timestamp":"2026-03-06 11:52:58"}
{"level":"debug","message":"GET /api/counties","timestamp":"2026-03-06 11:52:59"}
{"level":"debug","message":"GET /api/devices?page=1&limit=20&search=g&status=&countyId=","timestamp":"2026-03-06 11:53:03"}
{"level":"debug","message":"GET /api/devices?page=1&limit=20&search=got&status=&countyId=","timestamp":"2026-03-06 11:53:05"}
{"level":"debug","message":"GET /api/counties","timestamp":"2026-03-06 11:53:12"}
{"level":"debug","message":"GET /api/counties","timestamp":"2026-03-06 11:53:12"}
{"level":"debug","message":"GET /api/facilities?page=1&limit=20&search=","timestamp":"2026-03-06 11:53:13"}
{"level":"debug","message":"GET /api/facilities?page=1&limit=20&search=got+","timestamp":"2026-03-06 11:53:14"}
{"level":"debug","message":"GET /api/facilities?page=1&limit=20&search=got+ko","timestamp":"2026-03-06 11:53:15"}
{"level":"debug","message":"GET /api/facilities/73","timestamp":"2026-03-06 11:53:16"}
{"level":"debug","message":"GET /api/devices?facilityId=73&page=1&limit=20","timestamp":"2026-03-06 11:53:17"}
{"level":"debug","message":"GET /api/facilities/73","timestamp":"2026-03-06 11:53:17"}
{"level":"debug","message":"GET /api/devices?facilityId=73&page=1&limit=20","timestamp":"2026-03-06 11:53:17"}
{"level":"debug","message":"GET /api/dashboard","timestamp":"2026-03-06 11:53:28"}
{"level":"debug","message":"GET /api/dashboard","timestamp":"2026-03-06 11:53:28"}
{"level":"debug","message":"GET /api/devices/5","timestamp":"2026-03-06 11:53:35"}
{"level":"debug","message":"GET /api/devices/5","timestamp":"2026-03-06 11:53:35"}
{"level":"debug","message":"POST /api/devices/5/verify","timestamp":"2026-03-06 11:53:38"}
{"level":"debug","message":"GET /api/devices/5","timestamp":"2026-03-06 11:53:38"}
{"level":"debug","message":"GET /api/counties","timestamp":"2026-03-06 11:53:41"}
{"level":"debug","message":"GET /api/devices?page=1&limit=20&search=&status=&countyId=","timestamp":"2026-03-06 11:53:41"}
{"level":"debug","message":"GET /api/counties","timestamp":"2026-03-06 11:53:41"}
{"level":"debug","message":"GET /api/dashboard","timestamp":"2026-03-06 11:53:46"}
{"level":"debug","message":"GET /api/dashboard","timestamp":"2026-03-06 11:53:47"}
{"level":"debug","message":"GET /api/devices/8","timestamp":"2026-03-06 11:54:51"}
{"level":"debug","message":"GET /api/devices/8","timestamp":"2026-03-06 11:54:51"}
{"level":"debug","message":"POST /api/devices/8/verify","timestamp":"2026-03-06 11:54:55"}
{"level":"debug","message":"GET /api/devices/8","timestamp":"2026-03-06 11:54:56"}
{"level":"debug","message":"GET /api/dashboard","timestamp":"2026-03-06 11:54:57"}
{"level":"debug","message":"GET /api/dashboard","timestamp":"2026-03-06 11:54:58"}
{"level":"debug","message":"GET /api/counties","timestamp":"2026-03-06 12:08:18"}
{"level":"debug","message":"GET /api/devices?page=1&limit=20&search=&status=&countyId=","timestamp":"2026-03-06 12:08:18"}
{"level":"debug","message":"GET /api/counties","timestamp":"2026-03-06 12:08:19"}
{"level":"debug","message":"POST /api/devices/import","timestamp":"2026-03-06 12:08:22"}
{"level":"debug","message":"GET /api/dashboard","timestamp":"2026-03-06 12:08:25"}
{"level":"debug","message":"GET /api/dashboard","timestamp":"2026-03-06 12:08:26"}
{"level":"debug","message":"GET /api/auth/me","timestamp":"2026-03-06 12:26:01"}
{"level":"debug","message":"GET /api/auth/me","timestamp":"2026-03-06 12:26:01"}
{"level":"debug","message":"GET /api/dashboard","timestamp":"2026-03-06 12:26:01"}
{"level":"debug","message":"GET /api/dashboard","timestamp":"2026-03-06 12:26:02"}
{"level":"info","message":"Database \"inventory\" ready","timestamp":"2026-03-09 12:23:29"}
{"level":"info","message":"Schema bootstrap complete","timestamp":"2026-03-09 12:23:30"}
{"level":"info","message":"🚀 Server on port 5000 [development]","timestamp":"2026-03-09 12:23:30"}
{"level":"info","message":"Database \"inventory\" ready","timestamp":"2026-03-11 08:22:01"}
{"level":"info","message":"Schema bootstrap complete","timestamp":"2026-03-11 08:22:02"}
{"level":"info","message":"🚀 Server on port 5000 [development]","timestamp":"2026-03-11 08:22:02"}
{"level":"debug","message":"GET /favicon.ico","timestamp":"2026-03-11 08:22:53"}
{"level":"debug","message":"POST /api/auth/login","timestamp":"2026-03-11 08:22:56"}
{"level":"debug","message":"GET /api/dashboard","timestamp":"2026-03-11 08:22:57"}
{"level":"debug","message":"GET /api/dashboard","timestamp":"2026-03-11 08:22:57"}
{"level":"debug","message":"GET /api/counties","timestamp":"2026-03-11 08:23:08"}
{"level":"debug","message":"GET /api/counties","timestamp":"2026-03-11 08:23:08"}
{"level":"debug","message":"GET /api/facilities?page=1&limit=20&search=","timestamp":"2026-03-11 08:23:08"}
{"level":"debug","message":"GET /api/facilities?page=2&limit=20&search=","timestamp":"2026-03-11 08:23:12"}
{"level":"debug","message":"GET /api/facilities?page=3&limit=20&search=","timestamp":"2026-03-11 08:23:15"}
{"level":"debug","message":"GET /api/facilities?page=4&limit=20&search=","timestamp":"2026-03-11 08:23:19"}
{"level":"debug","message":"GET /api/facilities?page=5&limit=20&search=","timestamp":"2026-03-11 08:23:22"}
{"level":"debug","message":"GET /api/facilities?page=6&limit=20&search=","timestamp":"2026-03-11 08:23:26"}
{"level":"info","message":"Database \"inventory\" ready","timestamp":"2026-03-11 09:00:01"}
{"level":"error","message":"Bootstrap failed: You have an error in your SQL syntax; check the manual that corresponds to your MySQL server version for the right syntax to use near 'IF NOT EXISTS `locked` TINYINT(1) NOT NULL DEFAULT 0' at line 1","timestamp":"2026-03-11 09:00:02"}
{"level":"info","message":"Database \"inventory\" ready","timestamp":"2026-03-11 09:00:03"}
{"level":"error","message":"Bootstrap failed: You have an error in your SQL syntax; check the manual that corresponds to your MySQL server version for the right syntax to use near 'IF NOT EXISTS `locked` TINYINT(1) NOT NULL DEFAULT 0' at line 1","timestamp":"2026-03-11 09:00:03"}
{"level":"info","message":"Database \"inventory\" ready","timestamp":"2026-03-11 09:02:17"}
{"level":"info","message":"Schema bootstrap complete","timestamp":"2026-03-11 09:02:17"}
{"level":"info","message":"🚀 Server on port 5000 [development]","timestamp":"2026-03-11 09:02:17"}
{"level":"info","message":"Database \"inventory\" ready","timestamp":"2026-03-11 09:09:02"}
{"level":"info","message":"Schema bootstrap complete","timestamp":"2026-03-11 09:09:02"}
{"level":"info","message":"🚀 Server on port 5000 [development]","timestamp":"2026-03-11 09:09:02"}
{"level":"info","message":"Database \"inventory\" ready","timestamp":"2026-03-11 09:09:07"}
{"level":"info","message":"Database \"inventory\" ready","timestamp":"2026-03-11 09:09:07"}
{"level":"info","message":"Schema bootstrap complete","timestamp":"2026-03-11 09:09:07"}
{"level":"info","message":"🚀 Server on port 5000 [development]","timestamp":"2026-03-11 09:09:07"}
{"level":"info","message":"Database \"inventory\" ready","timestamp":"2026-03-11 09:10:04"}
{"level":"info","message":"Schema bootstrap complete","timestamp":"2026-03-11 09:10:04"}
{"level":"info","message":"🚀 Server on port 5000 [development]","timestamp":"2026-03-11 09:10:04"}
{"level":"info","message":"Database \"inventory\" ready","timestamp":"2026-03-11 09:10:12"}
{"level":"info","message":"Schema bootstrap complete","timestamp":"2026-03-11 09:10:12"}
{"level":"info","message":"🚀 Server on port 5000 [development]","timestamp":"2026-03-11 09:10:12"}
{"level":"info","message":"Database \"inventory\" ready","timestamp":"2026-03-11 09:10:13"}
{"level":"info","message":"Schema bootstrap complete","timestamp":"2026-03-11 09:10:13"}
{"level":"info","message":"🚀 Server on port 5000 [development]","timestamp":"2026-03-11 09:10:13"}
{"level":"info","message":"Database \"inventory\" ready","timestamp":"2026-03-11 09:30:12"}
{"level":"info","message":"Schema bootstrap complete","timestamp":"2026-03-11 09:30:12"}
{"level":"info","message":"🚀 Server on port 5000 [development]","timestamp":"2026-03-11 09:30:12"}
{"level":"info","message":"Database \"inventory\" ready","timestamp":"2026-03-11 09:30:13"}
{"level":"info","message":"Schema bootstrap complete","timestamp":"2026-03-11 09:30:13"}
{"level":"info","message":"🚀 Server on port 5000 [development]","timestamp":"2026-03-11 09:30:13"}
{"level":"debug","message":"POST /api/auth/login","timestamp":"2026-03-11 09:30:37"}
{"level":"debug","message":"GET /api/dashboard","timestamp":"2026-03-11 09:30:37"}
{"level":"debug","message":"GET /api/dashboard","timestamp":"2026-03-11 09:30:37"}
{"level":"debug","message":"GET /api/auth/me","timestamp":"2026-03-11 09:45:15"}
{"level":"debug","message":"GET /api/auth/me","timestamp":"2026-03-11 09:45:15"}
{"level":"debug","message":"GET /api/auth/me","timestamp":"2026-03-11 09:45:15"}
{"level":"debug","message":"GET /api/dashboard","timestamp":"2026-03-11 09:45:15"}
{"level":"debug","message":"GET /api/auth/me","timestamp":"2026-03-11 09:45:15"}
{"level":"debug","message":"GET /api/dashboard","timestamp":"2026-03-11 09:45:15"}
{"level":"debug","message":"GET /api/dashboard","timestamp":"2026-03-11 09:45:15"}
{"level":"debug","message":"GET /api/dashboard","timestamp":"2026-03-11 09:45:15"}
{"level":"debug","message":"GET /api/counties","timestamp":"2026-03-11 09:46:45"}
{"level":"debug","message":"GET /api/counties","timestamp":"2026-03-11 09:46:45"}
{"level":"debug","message":"GET /api/devices?page=1&limit=20&search=&status=&countyId=","timestamp":"2026-03-11 09:46:45"}
{"level":"debug","message":"GET /api/affiliations","timestamp":"2026-03-11 09:46:46"}
{"level":"debug","message":"GET /api/facilities?limit=500","timestamp":"2026-03-11 09:46:46"}
{"level":"debug","message":"GET /api/counties","timestamp":"2026-03-11 09:46:46"}
{"level":"debug","message":"GET /api/affiliations","timestamp":"2026-03-11 09:46:46"}
{"level":"debug","message":"GET /api/counties","timestamp":"2026-03-11 09:46:46"}
{"level":"debug","message":"GET /api/facilities?limit=500","timestamp":"2026-03-11 09:46:46"}
{"level":"debug","message":"GET /api/dashboard","timestamp":"2026-03-11 09:47:40"}
{"level":"debug","message":"GET /api/dashboard","timestamp":"2026-03-11 09:47:40"}
{"level":"debug","message":"GET /api/counties","timestamp":"2026-03-11 09:47:47"}
{"level":"debug","message":"GET /api/counties","timestamp":"2026-03-11 09:47:47"}
{"level":"debug","message":"GET /api/devices?page=1&limit=20&search=&status=&countyId=","timestamp":"2026-03-11 09:47:48"}
{"level":"debug","message":"GET /api/counties","timestamp":"2026-03-11 09:47:49"}
{"level":"debug","message":"GET /api/facilities?limit=500","timestamp":"2026-03-11 09:47:49"}
{"level":"debug","message":"GET /api/affiliations","timestamp":"2026-03-11 09:47:49"}
{"level":"debug","message":"GET /api/counties","timestamp":"2026-03-11 09:47:49"}
{"level":"debug","message":"GET /api/facilities?limit=500","timestamp":"2026-03-11 09:47:49"}
{"level":"debug","message":"GET /api/affiliations","timestamp":"2026-03-11 09:47:49"}
{"level":"debug","message":"POST /api/devices","timestamp":"2026-03-11 09:48:59"}
{"level":"debug","message":"GET /api/devices?page=1&limit=20&search=&status=&countyId=","timestamp":"2026-03-11 09:48:59"}
{"level":"debug","message":"GET /api/dashboard","timestamp":"2026-03-11 09:49:04"}
{"level":"debug","message":"GET /api/dashboard","timestamp":"2026-03-11 09:49:04"}
{"level":"debug","message":"GET /api/devices/1","timestamp":"2026-03-11 09:49:06"}
{"level":"debug","message":"GET /api/devices/1","timestamp":"2026-03-11 09:49:06"}
{"level":"debug","message":"POST /api/devices/1/verify","timestamp":"2026-03-11 09:49:21"}
{"level":"debug","message":"GET /api/devices/1","timestamp":"2026-03-11 09:49:21"}
{"level":"debug","message":"GET /api/dashboard","timestamp":"2026-03-11 09:49:28"}
{"level":"debug","message":"GET /api/dashboard","timestamp":"2026-03-11 09:49:28"}
{"level":"debug","message":"GET /api/devices/1","timestamp":"2026-03-11 09:49:31"}
{"level":"debug","message":"GET /api/devices/1","timestamp":"2026-03-11 09:49:31"}
{"level":"debug","message":"GET /api/counties","timestamp":"2026-03-11 09:49:34"}
{"level":"debug","message":"GET /api/facilities?limit=500","timestamp":"2026-03-11 09:49:34"}
{"level":"debug","message":"GET /api/counties","timestamp":"2026-03-11 09:49:34"}
{"level":"debug","message":"GET /api/facilities?limit=500","timestamp":"2026-03-11 09:49:34"}
{"level":"debug","message":"GET /api/counties","timestamp":"2026-03-11 09:49:56"}
{"level":"debug","message":"GET /api/affiliations","timestamp":"2026-03-11 09:49:56"}
{"level":"debug","message":"GET /api/facilities?limit=500","timestamp":"2026-03-11 09:49:56"}
{"level":"debug","message":"GET /api/counties","timestamp":"2026-03-11 09:49:56"}
{"level":"debug","message":"GET /api/affiliations","timestamp":"2026-03-11 09:49:56"}
{"level":"debug","message":"GET /api/facilities?limit=500","timestamp":"2026-03-11 09:49:56"}
{"level":"debug","message":"POST /api/devices/1/report-lost","timestamp":"2026-03-11 09:50:22"}
{"level":"warn","message":"Mail not configured — skipping email","timestamp":"2026-03-11 09:50:22"}
{"level":"debug","message":"GET /api/devices/1","timestamp":"2026-03-11 09:50:22"}
{"level":"debug","message":"GET /api/users/escalation-targets","timestamp":"2026-03-11 09:50:29"}
{"level":"debug","message":"POST /api/devices/1/review-loss","timestamp":"2026-03-11 09:50:44"}
{"level":"debug","message":"GET /api/devices/1","timestamp":"2026-03-11 09:50:44"}
{"level":"debug","message":"GET /api/dashboard","timestamp":"2026-03-11 09:50:47"}
{"level":"debug","message":"GET /api/dashboard","timestamp":"2026-03-11 09:50:47"}
{"level":"debug","message":"GET /api/devices/1","timestamp":"2026-03-11 09:50:50"}
{"level":"debug","message":"GET /api/devices/1","timestamp":"2026-03-11 09:50:50"}
{"level":"debug","message":"GET /api/counties","timestamp":"2026-03-11 09:51:01"}
{"level":"debug","message":"GET /api/counties","timestamp":"2026-03-11 09:51:01"}
{"level":"debug","message":"GET /api/devices?page=1&limit=20&search=&status=&countyId=","timestamp":"2026-03-11 09:51:01"}
{"level":"debug","message":"GET /api/auth/me","timestamp":"2026-03-11 10:03:52"}
{"level":"debug","message":"GET /api/auth/me","timestamp":"2026-03-11 10:03:52"}
{"level":"debug","message":"GET /api/counties","timestamp":"2026-03-11 10:03:52"}
{"level":"debug","message":"GET /api/counties","timestamp":"2026-03-11 10:03:52"}
{"level":"debug","message":"GET /api/devices?page=1&limit=20&search=&status=&countyId=","timestamp":"2026-03-11 10:03:52"}
{"level":"debug","message":"GET /main.3eda7a5703cf38d35163.hot-update.json","timestamp":"2026-03-11 10:04:38"}
{"level":"debug","message":"GET /api/auth/me","timestamp":"2026-03-11 10:04:38"}
{"level":"debug","message":"GET /api/auth/me","timestamp":"2026-03-11 10:04:38"}
{"level":"debug","message":"GET /api/dashboard","timestamp":"2026-03-11 10:04:38"}
{"level":"debug","message":"GET /api/dashboard","timestamp":"2026-03-11 10:04:38"}
{"level":"debug","message":"GET /api/auth/me","timestamp":"2026-03-11 10:04:39"}
{"level":"debug","message":"GET /api/auth/me","timestamp":"2026-03-11 10:04:39"}
{"level":"debug","message":"GET /api/counties","timestamp":"2026-03-11 10:04:39"}
{"level":"debug","message":"GET /api/counties","timestamp":"2026-03-11 10:04:39"}
{"level":"debug","message":"GET /api/devices?page=1&limit=20&search=&status=&countyId=","timestamp":"2026-03-11 10:04:39"}
{"level":"debug","message":"GET /api/audit-logs?page=1&limit=20&search=&action=","timestamp":"2026-03-11 10:07:33"}
{"level":"debug","message":"GET /api/users?page=1&limit=20&search=","timestamp":"2026-03-11 10:07:46"}
{"level":"debug","message":"POST /api/auth/login","timestamp":"2026-03-11 10:16:11"}
{"level":"debug","message":"GET /api/dashboard","timestamp":"2026-03-11 10:16:12"}
{"level":"debug","message":"GET /api/dashboard","timestamp":"2026-03-11 10:16:12"}
{"level":"info","message":"Database \"inventory\" ready","timestamp":"2026-03-11 10:34:54"}
{"level":"info","message":"Schema bootstrap complete","timestamp":"2026-03-11 10:34:54"}
{"level":"info","message":"🚀 Server on port 5000 [development]","timestamp":"2026-03-11 10:34:54"}
{"level":"info","message":"Database \"inventory\" ready","timestamp":"2026-03-11 10:36:58"}
{"level":"info","message":"Schema bootstrap complete","timestamp":"2026-03-11 10:36:58"}
{"level":"info","message":"🚀 Server on port 5000 [development]","timestamp":"2026-03-11 10:36:58"}
{"level":"info","message":"Database \"inventory\" ready","timestamp":"2026-03-11 10:37:11"}
{"level":"info","message":"Schema bootstrap complete","timestamp":"2026-03-11 10:37:11"}
{"level":"info","message":"🚀 Server on port 5000 [development]","timestamp":"2026-03-11 10:37:11"}
{"level":"info","message":"Database \"inventory\" ready","timestamp":"2026-03-11 10:37:11"}
{"level":"info","message":"Schema bootstrap complete","timestamp":"2026-03-11 10:37:11"}
{"level":"info","message":"🚀 Server on port 5000 [development]","timestamp":"2026-03-11 10:37:11"}
{"level":"debug","message":"GET /api/auth/me","timestamp":"2026-03-11 10:38:03"}
{"level":"debug","message":"GET /api/auth/me","timestamp":"2026-03-11 10:38:03"}
{"level":"debug","message":"GET /api/auth/me","timestamp":"2026-03-11 10:38:03"}
{"level":"debug","message":"GET /api/dashboard","timestamp":"2026-03-11 10:38:03"}
{"level":"debug","message":"GET /api/auth/me","timestamp":"2026-03-11 10:38:03"}
{"level":"debug","message":"GET /api/dashboard","timestamp":"2026-03-11 10:38:03"}
{"level":"debug","message":"GET /api/dashboard","timestamp":"2026-03-11 10:38:03"}
{"level":"debug","message":"GET /api/dashboard","timestamp":"2026-03-11 10:38:03"}
{"level":"debug","message":"GET /api/devices/1","timestamp":"2026-03-11 10:40:25"}
{"level":"debug","message":"GET /api/devices/1","timestamp":"2026-03-11 10:40:25"}
{"level":"debug","message":"POST /api/devices/1/recover","timestamp":"2026-03-11 10:40:36"}
{"level":"error","message":"Unhandled error Column 'locked' cannot be null","stack":"Error: Column 'locked' cannot be null\n    at PromisePoolConnection.query (/home/nab/Documents/nab's/Inventory/backend_inventory_manager/node_modules/mysql2/lib/promise/connection.js:29:22)\n    at Object.update (/home/nab/Documents/nab's/Inventory/backend_inventory_manager/src/models/device.model.js:279:16)\n    at process.processTicksAndRejections (node:internal/process/task_queues:105:5)\n    at async recoverDevice (/home/nab/Documents/nab's/Inventory/backend_inventory_manager/src/controllers/index.js:914:5)","timestamp":"2026-03-11 10:40:36","url":"/api/devices/1/recover"}
{"level":"info","message":"Database \"inventory\" ready","timestamp":"2026-03-11 10:42:18"}
{"level":"info","message":"Database \"inventory\" ready","timestamp":"2026-03-11 10:42:18"}
{"level":"info","message":"Schema bootstrap complete","timestamp":"2026-03-11 10:42:18"}
{"level":"info","message":"🚀 Server on port 5000 [development]","timestamp":"2026-03-11 10:42:18"}
{"level":"debug","message":"GET /api/devices/1","timestamp":"2026-03-11 10:42:24"}
{"level":"debug","message":"GET /api/devices/1","timestamp":"2026-03-11 10:42:24"}
{"level":"debug","message":"POST /api/devices/1/recover","timestamp":"2026-03-11 10:42:29"}
{"level":"debug","message":"GET /api/devices/1","timestamp":"2026-03-11 10:42:29"}
{"level":"debug","message":"POST /api/devices/1/verify","timestamp":"2026-03-11 10:42:39"}
{"level":"debug","message":"POST /api/devices/1/verify","timestamp":"2026-03-11 10:42:53"}
{"level":"debug","message":"POST /api/devices/1/verify","timestamp":"2026-03-11 10:42:54"}
{"level":"info","message":"Database \"inventory\" ready","timestamp":"2026-03-11 10:44:19"}
{"level":"info","message":"Schema bootstrap complete","timestamp":"2026-03-11 10:44:19"}
{"level":"info","message":"🚀 Server on port 5000 [development]","timestamp":"2026-03-11 10:44:19"}
{"level":"info","message":"Database \"inventory\" ready","timestamp":"2026-03-11 10:44:28"}
{"level":"info","message":"Schema bootstrap complete","timestamp":"2026-03-11 10:44:28"}
{"level":"info","message":"🚀 Server on port 5000 [development]","timestamp":"2026-03-11 10:44:28"}
{"level":"info","message":"Database \"inventory\" ready","timestamp":"2026-03-11 10:44:28"}
{"level":"info","message":"Schema bootstrap complete","timestamp":"2026-03-11 10:44:29"}
{"level":"info","message":"🚀 Server on port 5000 [development]","timestamp":"2026-03-11 10:44:29"}
{"level":"debug","message":"POST /api/devices/1/verify","timestamp":"2026-03-11 10:44:36"}
{"level":"debug","message":"GET /api/auth/me","timestamp":"2026-03-11 10:45:41"}
{"level":"debug","message":"GET /api/devices/1","timestamp":"2026-03-11 10:45:41"}
{"level":"debug","message":"GET /api/auth/me","timestamp":"2026-03-11 10:45:41"}
{"level":"debug","message":"GET /api/devices/1","timestamp":"2026-03-11 10:45:41"}
{"level":"debug","message":"GET /api/devices/1","timestamp":"2026-03-11 10:45:41"}
{"level":"debug","message":"POST /api/devices/1/verify","timestamp":"2026-03-11 10:45:56"}
{"level":"debug","message":"POST /api/devices/1/report-lost","timestamp":"2026-03-11 10:46:53"}
{"level":"warn","message":"Mail not configured — skipping email","timestamp":"2026-03-11 10:46:53"}
{"level":"debug","message":"GET /api/devices/1","timestamp":"2026-03-11 10:46:53"}
{"level":"debug","message":"GET /api/auth/me","timestamp":"2026-03-11 10:47:00"}
{"level":"debug","message":"GET /api/auth/me","timestamp":"2026-03-11 10:47:00"}
{"level":"debug","message":"GET /api/dashboard","timestamp":"2026-03-11 10:47:00"}
{"level":"debug","message":"GET /api/dashboard","timestamp":"2026-03-11 10:47:00"}
{"level":"debug","message":"GET /api/auth/me","timestamp":"2026-03-11 10:47:07"}
{"level":"debug","message":"GET /api/auth/me","timestamp":"2026-03-11 10:47:07"}
{"level":"debug","message":"GET /api/dashboard","timestamp":"2026-03-11 10:47:07"}
{"level":"debug","message":"GET /api/dashboard","timestamp":"2026-03-11 10:47:07"}
{"level":"info","message":"Database \"inventory\" ready","timestamp":"2026-03-11 10:55:19"}
{"level":"info","message":"Schema bootstrap complete","timestamp":"2026-03-11 10:55:19"}
{"level":"info","message":"🚀 Server on port 5000 [development]","timestamp":"2026-03-11 10:55:19"}
{"level":"info","message":"Database \"inventory\" ready","timestamp":"2026-03-11 10:55:21"}
{"level":"info","message":"Schema bootstrap complete","timestamp":"2026-03-11 10:55:22"}
{"level":"info","message":"🚀 Server on port 5000 [development]","timestamp":"2026-03-11 10:55:22"}
{"level":"info","message":"Database \"inventory\" ready","timestamp":"2026-03-11 10:56:08"}
{"level":"info","message":"Schema bootstrap complete","timestamp":"2026-03-11 10:56:08"}
{"level":"info","message":"🚀 Server on port 5000 [development]","timestamp":"2026-03-11 10:56:08"}
{"level":"info","message":"Database \"inventory\" ready","timestamp":"2026-03-11 10:56:32"}
{"level":"info","message":"Schema bootstrap complete","timestamp":"2026-03-11 10:56:32"}
{"level":"info","message":"🚀 Server on port 5000 [development]","timestamp":"2026-03-11 10:56:32"}
{"level":"debug","message":"GET /api/auth/me","timestamp":"2026-03-11 10:56:59"}
{"level":"debug","message":"GET /api/auth/me","timestamp":"2026-03-11 10:56:59"}
{"level":"debug","message":"GET /api/auth/me","timestamp":"2026-03-11 10:56:59"}
{"level":"debug","message":"GET /api/devices/1","timestamp":"2026-03-11 10:56:59"}
{"level":"debug","message":"GET /api/auth/me","timestamp":"2026-03-11 10:56:59"}
{"level":"debug","message":"GET /api/devices/1","timestamp":"2026-03-11 10:56:59"}
{"level":"debug","message":"GET /api/devices/1","timestamp":"2026-03-11 10:56:59"}
{"level":"debug","message":"GET /api/devices/1","timestamp":"2026-03-11 10:56:59"}
{"level":"debug","message":"GET /api/devices/1","timestamp":"2026-03-11 10:57:20"}
{"level":"debug","message":"GET /api/devices/1","timestamp":"2026-03-11 10:57:20"}
{"level":"debug","message":"GET /api/auth/me","timestamp":"2026-03-11 10:57:36"}
{"level":"debug","message":"GET /api/auth/me","timestamp":"2026-03-11 10:57:36"}
{"level":"debug","message":"GET /api/devices/1","timestamp":"2026-03-11 10:57:36"}
{"level":"debug","message":"GET /api/devices/1","timestamp":"2026-03-11 10:57:36"}
{"level":"debug","message":"GET /api/auth/me","timestamp":"2026-03-11 10:57:38"}
{"level":"debug","message":"GET /api/auth/me","timestamp":"2026-03-11 10:57:38"}
{"level":"debug","message":"GET /api/dashboard","timestamp":"2026-03-11 10:57:38"}
{"level":"debug","message":"GET /api/dashboard","timestamp":"2026-03-11 10:57:38"}
{"level":"debug","message":"GET /api/auth/me","timestamp":"2026-03-11 10:57:54"}
{"level":"debug","message":"GET /api/auth/me","timestamp":"2026-03-11 10:57:54"}
{"level":"debug","message":"GET /api/dashboard","timestamp":"2026-03-11 10:57:54"}
{"level":"debug","message":"GET /api/dashboard","timestamp":"2026-03-11 10:57:54"}
{"level":"debug","message":"GET /api/auth/me","timestamp":"2026-03-11 10:59:40"}
{"level":"debug","message":"GET /api/auth/me","timestamp":"2026-03-11 10:59:40"}
{"level":"debug","message":"GET /api/auth/me","timestamp":"2026-03-11 10:59:40"}
{"level":"debug","message":"GET /api/devices/1","timestamp":"2026-03-11 10:59:40"}
{"level":"debug","message":"GET /api/auth/me","timestamp":"2026-03-11 10:59:40"}
{"level":"debug","message":"GET /api/devices/1","timestamp":"2026-03-11 10:59:40"}
{"level":"debug","message":"GET /api/auth/me","timestamp":"2026-03-11 10:59:40"}
{"level":"debug","message":"GET /api/auth/me","timestamp":"2026-03-11 10:59:40"}
{"level":"debug","message":"GET /api/devices/1","timestamp":"2026-03-11 10:59:40"}
{"level":"debug","message":"GET /api/auth/me","timestamp":"2026-03-11 10:59:40"}
{"level":"debug","message":"GET /api/auth/me","timestamp":"2026-03-11 10:59:40"}
{"level":"debug","message":"GET /api/devices/1","timestamp":"2026-03-11 10:59:40"}
{"level":"debug","message":"GET /api/dashboard","timestamp":"2026-03-11 10:59:40"}
{"level":"debug","message":"GET /api/dashboard","timestamp":"2026-03-11 10:59:40"}
{"level":"debug","message":"GET /api/dashboard","timestamp":"2026-03-11 10:59:40"}
{"level":"debug","message":"GET /api/dashboard","timestamp":"2026-03-11 10:59:40"}
{"level":"debug","message":"GET /api/auth/me","timestamp":"2026-03-11 10:59:58"}
{"level":"debug","message":"GET /api/auth/me","timestamp":"2026-03-11 10:59:58"}
{"level":"debug","message":"GET /api/auth/me","timestamp":"2026-03-11 10:59:58"}
{"level":"debug","message":"GET /api/auth/me","timestamp":"2026-03-11 10:59:58"}
{"level":"debug","message":"GET /api/devices/1","timestamp":"2026-03-11 10:59:58"}
{"level":"debug","message":"GET /api/devices/1","timestamp":"2026-03-11 10:59:58"}
{"level":"debug","message":"GET /api/devices/1","timestamp":"2026-03-11 10:59:58"}
{"level":"debug","message":"GET /api/devices/1","timestamp":"2026-03-11 10:59:58"}
{"level":"info","message":"Database \"inventory\" ready","timestamp":"2026-03-11 11:00:07"}
{"level":"info","message":"Schema bootstrap complete","timestamp":"2026-03-11 11:00:07"}
{"level":"info","message":"🚀 Server on port 5000 [development]","timestamp":"2026-03-11 11:00:07"}
{"level":"debug","message":"GET /api/devices/1","timestamp":"2026-03-11 11:00:13"}
{"level":"debug","message":"GET /api/devices/1","timestamp":"2026-03-11 11:00:13"}
{"level":"debug","message":"GET /api/devices/1/loss-documents/police","timestamp":"2026-03-11 11:00:15"}
{"level":"debug","message":"GET /api/devices/1/loss-documents/police","timestamp":"2026-03-11 11:00:22"}
{"level":"debug","message":"GET /api/devices/1/loss-documents/incident","timestamp":"2026-03-11 11:00:25"}
{"level":"debug","message":"GET /api/users/escalation-targets","timestamp":"2026-03-11 11:00:36"}
{"level":"debug","message":"POST /api/devices/1/review-loss","timestamp":"2026-03-11 11:01:38"}
{"level":"warn","message":"Mail not configured — skipping email","timestamp":"2026-03-11 11:01:38"}
{"level":"debug","message":"GET /api/devices/1","timestamp":"2026-03-11 11:01:38"}
{"level":"debug","message":"GET /api/dashboard","timestamp":"2026-03-11 11:07:51"}
{"level":"debug","message":"GET /api/dashboard","timestamp":"2026-03-11 11:07:51"}
{"level":"info","message":"Database \"inventory\" ready","timestamp":"2026-03-11 11:20:59"}
{"level":"info","message":"Schema bootstrap complete","timestamp":"2026-03-11 11:20:59"}
{"level":"info","message":"🚀 Server on port 5000 [development]","timestamp":"2026-03-11 11:20:59"}
{"level":"error","message":"SMTP connection failed: Invalid login: 535 5.7.3 Authentication unsuccessful [JNAP275CA0070.ZAFP275.PROD.OUTLOOK.COM 2026-03-11T08:20:51.114Z 08DE7F0AF1ADCB5C]","timestamp":"2026-03-11 11:21:06"}
{"level":"info","message":"Database \"inventory\" ready","timestamp":"2026-03-11 11:23:34"}
{"level":"info","message":"Schema bootstrap complete","timestamp":"2026-03-11 11:23:34"}
{"level":"info","message":"🚀 Server on port 5000 [development]","timestamp":"2026-03-11 11:23:34"}
{"level":"info","message":"Database \"inventory\" ready","timestamp":"2026-03-11 11:23:35"}
{"level":"info","message":"Schema bootstrap complete","timestamp":"2026-03-11 11:23:35"}
{"level":"info","message":"🚀 Server on port 5000 [development]","timestamp":"2026-03-11 11:23:35"}
{"level":"error","message":"SMTP connection failed: Invalid login: 535 5.7.3 Authentication unsuccessful [JN3P275CA0093.ZAFP275.PROD.OUTLOOK.COM 2026-03-11T08:23:49.976Z 08DE7EF58E355FFE]","timestamp":"2026-03-11 11:23:41"}
{"level":"info","message":"Database \"inventory\" ready","timestamp":"2026-03-11 11:36:12"}
{"level":"info","message":"Schema bootstrap complete","timestamp":"2026-03-11 11:36:12"}
{"level":"info","message":"🚀 Server on port 5000 [development]","timestamp":"2026-03-11 11:36:12"}
{"level":"info","message":"SMTP ready — nabel.wambulwa@vukisha95.org","timestamp":"2026-03-11 11:36:14"}
{"level":"debug","message":"GET /api/devices/1","timestamp":"2026-03-11 11:36:23"}
{"level":"debug","message":"GET /api/devices/1","timestamp":"2026-03-11 11:36:23"}
{"level":"debug","message":"GET /api/users/escalation-targets","timestamp":"2026-03-11 11:36:25"}
{"level":"debug","message":"GET /api/users?page=1&limit=20&search=","timestamp":"2026-03-11 11:36:29"}
{"level":"debug","message":"POST /api/auth/register","timestamp":"2026-03-11 11:36:55"}
{"level":"debug","message":"GET /api/users?page=1&limit=20&search=","timestamp":"2026-03-11 11:36:56"}
{"level":"info","message":"Welcome email sent to nabel.wambulwa@lvcthealth.org","timestamp":"2026-03-11 11:36:59"}
{"level":"debug","message":"GET /api/counties","timestamp":"2026-03-11 11:37:02"}
{"level":"debug","message":"GET /api/counties","timestamp":"2026-03-11 11:37:02"}
{"level":"debug","message":"GET /api/devices?page=1&limit=20&search=&status=&countyId=","timestamp":"2026-03-11 11:37:02"}
{"level":"debug","message":"GET /api/counties","timestamp":"2026-03-11 11:37:04"}
{"level":"debug","message":"GET /api/affiliations","timestamp":"2026-03-11 11:37:04"}
{"level":"debug","message":"GET /api/facilities?limit=500","timestamp":"2026-03-11 11:37:04"}
{"level":"debug","message":"GET /api/counties","timestamp":"2026-03-11 11:37:04"}
{"level":"debug","message":"GET /api/affiliations","timestamp":"2026-03-11 11:37:04"}
{"level":"debug","message":"GET /api/facilities?limit=500","timestamp":"2026-03-11 11:37:04"}
{"level":"debug","message":"GET /api/verifications?page=1&limit=20&year=","timestamp":"2026-03-11 11:37:10"}
{"level":"debug","message":"GET /api/verifications?page=1&limit=20&year=","timestamp":"2026-03-11 11:37:10"}
{"level":"debug","message":"GET /api/devices/1","timestamp":"2026-03-11 11:37:11"}
{"level":"debug","message":"GET /api/devices/1","timestamp":"2026-03-11 11:37:11"}
{"level":"debug","message":"GET /api/users/escalation-targets","timestamp":"2026-03-11 11:37:13"}
{"level":"debug","message":"POST /api/devices/1/review-loss","timestamp":"2026-03-11 11:37:19"}
{"level":"debug","message":"GET /api/devices/1","timestamp":"2026-03-11 11:37:19"}
{"level":"info","message":"Escalation alert sent for device 1","timestamp":"2026-03-11 11:37:22"}
{"level":"info","message":"Database \"inventory\" ready","timestamp":"2026-03-11 11:40:35"}
{"level":"info","message":"Schema bootstrap complete","timestamp":"2026-03-11 11:40:35"}
{"level":"info","message":"🚀 Server on port 5000 [development]","timestamp":"2026-03-11 11:40:35"}
{"level":"info","message":"Database \"inventory\" ready","timestamp":"2026-03-11 11:40:36"}
{"level":"info","message":"Schema bootstrap complete","timestamp":"2026-03-11 11:40:36"}
{"level":"info","message":"🚀 Server on port 5000 [development]","timestamp":"2026-03-11 11:40:36"}
{"level":"info","message":"SMTP ready — nabel.wambulwa@vukisha95.org","timestamp":"2026-03-11 11:40:37"}
{"level":"debug","message":"GET /api/users/escalation-targets","timestamp":"2026-03-11 11:40:39"}
{"level":"debug","message":"POST /api/devices/1/review-loss","timestamp":"2026-03-11 11:40:43"}
{"level":"debug","message":"GET /api/devices/1","timestamp":"2026-03-11 11:40:43"}
{"level":"info","message":"Escalation alert sent for device 1","timestamp":"2026-03-11 11:40:46"}
{"level":"debug","message":"GET /api/dashboard","timestamp":"2026-03-11 11:42:12"}
{"level":"debug","message":"GET /api/dashboard","timestamp":"2026-03-11 11:42:12"}
{"level":"debug","message":"GET /api/users?page=1&limit=20&search=","timestamp":"2026-03-11 11:42:13"}
{"level":"debug","message":"GET /api/auth/me","timestamp":"2026-03-11 13:15:43"}
{"level":"debug","message":"GET /api/auth/me","timestamp":"2026-03-11 13:15:43"}
{"level":"debug","message":"GET /api/dashboard","timestamp":"2026-03-11 13:15:43"}
{"level":"debug","message":"GET /api/dashboard","timestamp":"2026-03-11 13:15:43"}
{"level":"info","message":"Database \"inventory\" ready","timestamp":"2026-03-11 13:18:44"}
{"level":"info","message":"Schema bootstrap complete","timestamp":"2026-03-11 13:18:44"}
{"level":"info","message":"🚀 Server on port 5000 [development]","timestamp":"2026-03-11 13:18:44"}
{"level":"info","message":"Database \"inventory\" ready","timestamp":"2026-03-11 13:18:46"}
{"level":"info","message":"Schema bootstrap complete","timestamp":"2026-03-11 13:18:46"}
{"level":"info","message":"🚀 Server on port 5000 [development]","timestamp":"2026-03-11 13:18:46"}
{"level":"info","message":"SMTP ready — nabel.wambulwa@vukisha95.org","timestamp":"2026-03-11 13:18:49"}
{"level":"info","message":"Database \"inventory\" ready","timestamp":"2026-03-11 13:18:49"}
{"level":"info","message":"Schema bootstrap complete","timestamp":"2026-03-11 13:18:49"}
{"level":"info","message":"🚀 Server on port 5000 [development]","timestamp":"2026-03-11 13:18:49"}
{"level":"info","message":"SMTP ready — nabel.wambulwa@vukisha95.org","timestamp":"2026-03-11 13:18:50"}
{"level":"info","message":"Database \"inventory\" ready","timestamp":"2026-03-11 13:18:52"}
{"level":"info","message":"Schema bootstrap complete","timestamp":"2026-03-11 13:18:52"}
{"level":"info","message":"🚀 Server on port 5000 [development]","timestamp":"2026-03-11 13:18:52"}
{"level":"info","message":"SMTP ready — nabel.wambulwa@vukisha95.org","timestamp":"2026-03-11 13:18:53"}
{"level":"info","message":"Database \"inventory\" ready","timestamp":"2026-03-11 13:18:54"}
{"level":"info","message":"Schema bootstrap complete","timestamp":"2026-03-11 13:18:54"}
{"level":"info","message":"🚀 Server on port 5000 [development]","timestamp":"2026-03-11 13:18:54"}
{"level":"info","message":"SMTP ready — nabel.wambulwa@vukisha95.org","timestamp":"2026-03-11 13:18:55"}
{"level":"info","message":"Database \"inventory\" ready","timestamp":"2026-03-11 13:18:56"}
{"level":"info","message":"Schema bootstrap complete","timestamp":"2026-03-11 13:18:56"}
{"level":"info","message":"🚀 Server on port 5000 [development]","timestamp":"2026-03-11 13:18:56"}
{"level":"info","message":"SMTP ready — nabel.wambulwa@vukisha95.org","timestamp":"2026-03-11 13:18:57"}
{"level":"info","message":"Database \"inventory\" ready","timestamp":"2026-03-11 15:59:38"}
{"level":"info","message":"Schema bootstrap complete","timestamp":"2026-03-11 15:59:38"}
{"level":"info","message":"🚀 Server on port 5000 [development]","timestamp":"2026-03-11 15:59:38"}
{"level":"info","message":"Database \"inventory\" ready","timestamp":"2026-03-11 15:59:39"}
{"level":"info","message":"Schema bootstrap complete","timestamp":"2026-03-11 15:59:39"}
{"level":"info","message":"🚀 Server on port 5000 [development]","timestamp":"2026-03-11 15:59:39"}
{"level":"info","message":"SMTP ready — nabel.wambulwa@vukisha95.org","timestamp":"2026-03-11 15:59:40"}
{"level":"debug","message":"GET /api/auth/me","timestamp":"2026-03-11 16:14:53"}
{"level":"debug","message":"GET /api/auth/me","timestamp":"2026-03-11 16:14:54"}
{"level":"debug","message":"GET /api/verifications?page=1&limit=20&year=","timestamp":"2026-03-11 16:14:54"}
{"level":"debug","message":"GET /api/verifications?page=1&limit=20&year=","timestamp":"2026-03-11 16:14:54"}
{"level":"debug","message":"GET /api/dashboard","timestamp":"2026-03-11 16:14:55"}
{"level":"debug","message":"GET /api/dashboard","timestamp":"2026-03-11 16:14:55"}
{"level":"info","message":"Database \"inventory\" ready","timestamp":"2026-03-11 16:15:12"}
{"level":"info","message":"Schema bootstrap complete","timestamp":"2026-03-11 16:15:12"}
{"level":"info","message":"🚀 Server on port 5000 [development]","timestamp":"2026-03-11 16:15:12"}
{"level":"info","message":"SMTP ready — nabel.wambulwa@vukisha95.org","timestamp":"2026-03-11 16:15:27"}
{"level":"debug","message":"GET /api/counties","timestamp":"2026-03-11 16:15:42"}
{"level":"debug","message":"GET /api/counties","timestamp":"2026-03-11 16:15:42"}
{"level":"debug","message":"GET /api/devices?page=1&limit=20&search=&status=&countyId=","timestamp":"2026-03-11 16:15:42"}
{"level":"debug","message":"GET /api/dashboard","timestamp":"2026-03-11 16:15:44"}
{"level":"debug","message":"GET /api/dashboard","timestamp":"2026-03-11 16:15:44"}
{"level":"info","message":"Database \"inventory\" ready","timestamp":"2026-03-11 16:17:15"}
{"level":"info","message":"Schema bootstrap complete","timestamp":"2026-03-11 16:17:15"}
{"level":"info","message":"🚀 Server on port 5000 [development]","timestamp":"2026-03-11 16:17:15"}
{"level":"info","message":"SMTP ready — nabel.wambulwa@vukisha95.org","timestamp":"2026-03-11 16:17:16"}
{"level":"debug","message":"GET /api/auth/me","timestamp":"2026-03-11 16:17:22"}
{"level":"debug","message":"GET /api/auth/me","timestamp":"2026-03-11 16:17:22"}
{"level":"debug","message":"GET /api/dashboard","timestamp":"2026-03-11 16:17:22"}
{"level":"debug","message":"GET /api/dashboard","timestamp":"2026-03-11 16:17:22"}
{"level":"debug","message":"GET /api/devices/1","timestamp":"2026-03-11 16:17:26"}
{"level":"debug","message":"GET /api/devices/1","timestamp":"2026-03-11 16:17:26"}
{"level":"debug","message":"GET /api/counties","timestamp":"2026-03-11 16:17:33"}
{"level":"debug","message":"GET /api/affiliations","timestamp":"2026-03-11 16:17:33"}
{"level":"debug","message":"GET /api/facilities?limit=500","timestamp":"2026-03-11 16:17:33"}
{"level":"debug","message":"GET /api/counties","timestamp":"2026-03-11 16:17:33"}
{"level":"debug","message":"GET /api/affiliations","timestamp":"2026-03-11 16:17:33"}
{"level":"debug","message":"GET /api/facilities?limit=500","timestamp":"2026-03-11 16:17:33"}
{"level":"debug","message":"PATCH /api/devices/1","timestamp":"2026-03-11 16:17:40"}
{"level":"debug","message":"GET /api/devices/1","timestamp":"2026-03-11 16:17:40"}
{"level":"debug","message":"POST /api/devices/1/review-loss","timestamp":"2026-03-11 16:17:51"}
{"level":"debug","message":"GET /api/devices/1","timestamp":"2026-03-11 16:17:51"}
{"level":"debug","message":"GET /api/dashboard","timestamp":"2026-03-11 16:17:53"}
{"level":"debug","message":"GET /api/dashboard","timestamp":"2026-03-11 16:17:53"}
{"level":"debug","message":"GET /api/auth/me","timestamp":"2026-03-11 16:18:12"}
{"level":"debug","message":"GET /api/auth/me","timestamp":"2026-03-11 16:18:12"}
{"level":"debug","message":"GET /api/dashboard","timestamp":"2026-03-11 16:18:12"}
{"level":"debug","message":"GET /api/dashboard","timestamp":"2026-03-11 16:18:12"}
{"level":"debug","message":"GET /api/dashboard","timestamp":"2026-03-11 16:26:25"}
{"level":"debug","message":"GET /api/dashboard","timestamp":"2026-03-11 16:26:25"}
{"level":"debug","message":"GET /api/verifications?page=1&limit=20&year=","timestamp":"2026-03-11 16:26:29"}
{"level":"debug","message":"GET /api/verifications?page=1&limit=20&year=","timestamp":"2026-03-11 16:26:29"}
{"level":"debug","message":"GET /api/dashboard","timestamp":"2026-03-11 16:26:32"}
{"level":"debug","message":"GET /api/dashboard","timestamp":"2026-03-11 16:26:32"}
{"level":"info","message":"Database \"inventory\" ready","timestamp":"2026-03-11 16:26:52"}
{"level":"info","message":"Schema bootstrap complete","timestamp":"2026-03-11 16:26:52"}
{"level":"info","message":"🚀 Server on port 5000 [development]","timestamp":"2026-03-11 16:26:52"}
{"level":"info","message":"SMTP ready — nabel.wambulwa@vukisha95.org","timestamp":"2026-03-11 16:26:54"}
{"level":"info","message":"Database \"inventory\" ready","timestamp":"2026-03-12 08:33:50"}
{"level":"info","message":"Schema bootstrap complete","timestamp":"2026-03-12 08:33:50"}
{"level":"info","message":"🚀 Server on port 5000 [development]","timestamp":"2026-03-12 08:33:50"}
{"level":"info","message":"SMTP ready — nabel.wambulwa@vukisha95.org","timestamp":"2026-03-12 08:33:52"}
{"level":"debug","message":"GET /api/auth/me","timestamp":"2026-03-12 08:36:12"}
{"err":"jwt expired","ip":"127.0.0.1","level":"warn","message":"JWT failed","timestamp":"2026-03-12 08:36:12"}
{"level":"debug","message":"GET /favicon.ico","timestamp":"2026-03-12 08:36:12"}
{"level":"debug","message":"GET /favicon.ico","timestamp":"2026-03-12 08:36:12"}
{"level":"debug","message":"GET /api/auth/me","timestamp":"2026-03-12 08:36:12"}
{"err":"jwt expired","ip":"127.0.0.1","level":"warn","message":"JWT failed","timestamp":"2026-03-12 08:36:12"}
{"level":"debug","message":"GET /favicon.ico","timestamp":"2026-03-12 08:36:12"}
{"level":"info","message":"Database \"inventory\" ready","timestamp":"2026-03-12 08:56:47"}
{"level":"info","message":"Schema bootstrap complete","timestamp":"2026-03-12 08:56:47"}
{"level":"info","message":"🚀 Server on port 5000 [development]","timestamp":"2026-03-12 08:56:47"}
{"level":"info","message":"Database \"inventory\" ready","timestamp":"2026-03-12 08:56:48"}
{"level":"info","message":"Schema bootstrap complete","timestamp":"2026-03-12 08:56:48"}
{"level":"info","message":"🚀 Server on port 5000 [development]","timestamp":"2026-03-12 08:56:48"}
{"level":"info","message":"SMTP ready — nabel.wambulwa@vukisha95.org","timestamp":"2026-03-12 08:56:49"}
{"level":"info","message":"Database \"inventory\" ready","timestamp":"2026-03-12 08:57:02"}
{"level":"info","message":"Schema bootstrap complete","timestamp":"2026-03-12 08:57:02"}
{"level":"info","message":"🚀 Server on port 5000 [development]","timestamp":"2026-03-12 08:57:02"}
{"level":"info","message":"SMTP ready — nabel.wambulwa@vukisha95.org","timestamp":"2026-03-12 08:57:03"}
{"level":"info","message":"Database \"inventory\" ready","timestamp":"2026-03-12 08:57:13"}
{"level":"info","message":"Schema bootstrap complete","timestamp":"2026-03-12 08:57:13"}
{"level":"info","message":"🚀 Server on port 5000 [development]","timestamp":"2026-03-12 08:57:13"}
{"level":"info","message":"Database \"inventory\" ready","timestamp":"2026-03-12 08:57:13"}
{"level":"info","message":"Schema bootstrap complete","timestamp":"2026-03-12 08:57:13"}
{"level":"info","message":"🚀 Server on port 5000 [development]","timestamp":"2026-03-12 08:57:13"}
{"level":"info","message":"SMTP ready — nabel.wambulwa@vukisha95.org","timestamp":"2026-03-12 08:57:15"}
{"level":"info","message":"Database \"inventory\" ready","timestamp":"2026-03-12 08:57:26"}
{"level":"info","message":"Schema bootstrap complete","timestamp":"2026-03-12 08:57:26"}
{"level":"info","message":"🚀 Server on port 5000 [development]","timestamp":"2026-03-12 08:57:26"}
{"level":"info","message":"Database \"inventory\" ready","timestamp":"2026-03-12 08:57:27"}
{"level":"info","message":"Schema bootstrap complete","timestamp":"2026-03-12 08:57:28"}
{"level":"info","message":"🚀 Server on port 5000 [development]","timestamp":"2026-03-12 08:57:28"}
{"level":"info","message":"SMTP ready — nabel.wambulwa@vukisha95.org","timestamp":"2026-03-12 08:57:29"}
{"level":"info","message":"Database \"inventory\" ready","timestamp":"2026-03-12 08:57:42"}
{"level":"info","message":"Schema bootstrap complete","timestamp":"2026-03-12 08:57:42"}
{"level":"info","message":"🚀 Server on port 5000 [development]","timestamp":"2026-03-12 08:57:42"}
{"level":"info","message":"SMTP ready — nabel.wambulwa@vukisha95.org","timestamp":"2026-03-12 08:57:44"}
{"level":"info","message":"Database \"inventory\" ready","timestamp":"2026-03-12 08:58:02"}
{"level":"info","message":"Schema bootstrap complete","timestamp":"2026-03-12 08:58:02"}
{"level":"info","message":"🚀 Server on port 5000 [development]","timestamp":"2026-03-12 08:58:02"}
{"level":"info","message":"SMTP ready — nabel.wambulwa@vukisha95.org","timestamp":"2026-03-12 08:58:03"}
{"level":"info","message":"Database \"inventory\" ready","timestamp":"2026-03-12 08:58:04"}
{"level":"info","message":"Schema bootstrap complete","timestamp":"2026-03-12 08:58:04"}
{"level":"info","message":"🚀 Server on port 5000 [development]","timestamp":"2026-03-12 08:58:04"}
{"level":"info","message":"SMTP ready — nabel.wambulwa@vukisha95.org","timestamp":"2026-03-12 08:58:06"}
{"level":"debug","message":"POST /api/auth/login","timestamp":"2026-03-12 08:58:50"}
{"level":"debug","message":"GET /api/dashboard","timestamp":"2026-03-12 08:58:51"}
{"level":"debug","message":"GET /api/dashboard","timestamp":"2026-03-12 08:58:51"}
{"level":"debug","message":"GET /api/sims?page=1&limit=20&search=","timestamp":"2026-03-12 08:58:56"}
{"level":"debug","message":"GET /api/users?page=1&limit=20&search=","timestamp":"2026-03-12 08:59:01"}
{"level":"debug","message":"GET /api/counties","timestamp":"2026-03-12 08:59:02"}
{"level":"debug","message":"GET /api/counties","timestamp":"2026-03-12 08:59:02"}
{"level":"debug","message":"GET /api/counties/43/sub-counties","timestamp":"2026-03-12 08:59:09"}
{"level":"debug","message":"GET /api/facilities?limit=200","timestamp":"2026-03-12 08:59:11"}
{"level":"debug","message":"GET /api/facilities?countyId=43&limit=200","timestamp":"2026-03-12 08:59:12"}
{"level":"debug","message":"GET /api/counties/43/sub-counties","timestamp":"2026-03-12 08:59:12"}
{"level":"debug","message":"GET /api/counties","timestamp":"2026-03-12 08:59:18"}
{"level":"debug","message":"GET /api/counties","timestamp":"2026-03-12 08:59:18"}
{"level":"debug","message":"GET /api/counties/43/sub-counties","timestamp":"2026-03-12 08:59:24"}
{"level":"info","message":"Database \"inventory\" ready","timestamp":"2026-03-12 09:18:07"}
{"level":"info","message":"Schema bootstrap complete","timestamp":"2026-03-12 09:18:07"}
{"level":"info","message":"🚀 Server on port 5000 [development]","timestamp":"2026-03-12 09:18:07"}
{"level":"info","message":"Database \"inventory\" ready","timestamp":"2026-03-12 09:18:09"}
{"level":"info","message":"Schema bootstrap complete","timestamp":"2026-03-12 09:18:09"}
{"level":"info","message":"🚀 Server on port 5000 [development]","timestamp":"2026-03-12 09:18:09"}
{"level":"info","message":"SMTP ready — nabel.wambulwa@vukisha95.org","timestamp":"2026-03-12 09:18:10"}
{"level":"info","message":"Database \"inventory\" ready","timestamp":"2026-03-12 09:18:18"}
{"level":"info","message":"Schema bootstrap complete","timestamp":"2026-03-12 09:18:18"}
{"level":"info","message":"🚀 Server on port 5000 [development]","timestamp":"2026-03-12 09:18:18"}
{"level":"info","message":"SMTP ready — nabel.wambulwa@vukisha95.org","timestamp":"2026-03-12 09:18:20"}
{"level":"info","message":"Database \"inventory\" ready","timestamp":"2026-03-12 09:18:30"}
{"level":"info","message":"Schema bootstrap complete","timestamp":"2026-03-12 09:18:30"}
{"level":"info","message":"🚀 Server on port 5000 [development]","timestamp":"2026-03-12 09:18:30"}
{"level":"info","message":"SMTP ready — nabel.wambulwa@vukisha95.org","timestamp":"2026-03-12 09:18:31"}
{"level":"info","message":"Database \"inventory\" ready","timestamp":"2026-03-12 09:18:40"}
{"level":"info","message":"Schema bootstrap complete","timestamp":"2026-03-12 09:18:40"}
{"level":"info","message":"🚀 Server on port 5000 [development]","timestamp":"2026-03-12 09:18:40"}
{"level":"info","message":"SMTP ready — nabel.wambulwa@vukisha95.org","timestamp":"2026-03-12 09:18:41"}
{"level":"info","message":"Database \"inventory\" ready","timestamp":"2026-03-12 09:19:02"}
{"level":"info","message":"Schema bootstrap complete","timestamp":"2026-03-12 09:19:03"}
{"level":"info","message":"🚀 Server on port 5000 [development]","timestamp":"2026-03-12 09:19:03"}
{"level":"info","message":"Database \"inventory\" ready","timestamp":"2026-03-12 09:19:04"}
{"level":"info","message":"Schema bootstrap complete","timestamp":"2026-03-12 09:19:04"}
{"level":"info","message":"🚀 Server on port 5000 [development]","timestamp":"2026-03-12 09:19:04"}
{"level":"info","message":"SMTP ready — nabel.wambulwa@vukisha95.org","timestamp":"2026-03-12 09:19:06"}
{"level":"debug","message":"GET /api/users?page=1&limit=20&search=","timestamp":"2026-03-12 09:19:30"}
{"level":"debug","message":"GET /api/counties","timestamp":"2026-03-12 09:19:38"}
{"level":"debug","message":"GET /api/counties","timestamp":"2026-03-12 09:19:38"}
{"level":"debug","message":"GET /api/facilities?limit=200","timestamp":"2026-03-12 09:19:42"}
{"level":"debug","message":"GET /api/facilities?countyId=43&limit=200","timestamp":"2026-03-12 09:19:47"}
{"level":"debug","message":"GET /api/counties/43/sub-counties","timestamp":"2026-03-12 09:19:47"}
{"level":"debug","message":"GET /api/counties/45/sub-counties","timestamp":"2026-03-12 09:19:59"}
{"level":"debug","message":"GET /api/facilities?limit=200","timestamp":"2026-03-12 09:20:02"}
{"level":"debug","message":"GET /api/dashboard","timestamp":"2026-03-12 09:20:06"}
{"level":"debug","message":"GET /api/dashboard","timestamp":"2026-03-12 09:20:06"}
{"level":"info","message":"Database \"inventory\" ready","timestamp":"2026-03-12 09:33:17"}
{"level":"info","message":"Schema bootstrap complete","timestamp":"2026-03-12 09:33:17"}
{"level":"info","message":"🚀 Server on port 5000 [development]","timestamp":"2026-03-12 09:33:17"}
{"level":"info","message":"SMTP ready — nabel.wambulwa@vukisha95.org","timestamp":"2026-03-12 09:33:19"}
{"level":"info","message":"Database \"inventory\" ready","timestamp":"2026-03-12 09:33:34"}
{"level":"info","message":"Schema bootstrap complete","timestamp":"2026-03-12 09:33:34"}
{"level":"info","message":"🚀 Server on port 5000 [development]","timestamp":"2026-03-12 09:33:34"}
{"level":"info","message":"SMTP ready — nabel.wambulwa@vukisha95.org","timestamp":"2026-03-12 09:33:36"}
{"level":"info","message":"Database \"inventory\" ready","timestamp":"2026-03-12 09:33:53"}
{"level":"info","message":"Schema bootstrap complete","timestamp":"2026-03-12 09:33:54"}
{"level":"info","message":"🚀 Server on port 5000 [development]","timestamp":"2026-03-12 09:33:54"}
{"level":"info","message":"SMTP ready — nabel.wambulwa@vukisha95.org","timestamp":"2026-03-12 09:33:55"}
{"level":"info","message":"Database \"inventory\" ready","timestamp":"2026-03-12 09:34:08"}
{"level":"info","message":"Schema bootstrap complete","timestamp":"2026-03-12 09:34:08"}
{"level":"info","message":"🚀 Server on port 5000 [development]","timestamp":"2026-03-12 09:34:08"}
{"level":"info","message":"Database \"inventory\" ready","timestamp":"2026-03-12 09:34:10"}
{"level":"info","message":"Schema bootstrap complete","timestamp":"2026-03-12 09:34:10"}
{"level":"info","message":"🚀 Server on port 5000 [development]","timestamp":"2026-03-12 09:34:10"}
{"level":"info","message":"SMTP ready — nabel.wambulwa@vukisha95.org","timestamp":"2026-03-12 09:34:11"}
{"level":"info","message":"Database \"inventory\" ready","timestamp":"2026-03-12 09:34:22"}
{"level":"info","message":"Database \"inventory\" ready","timestamp":"2026-03-12 09:34:22"}
{"level":"info","message":"Schema bootstrap complete","timestamp":"2026-03-12 09:34:23"}
{"level":"info","message":"🚀 Server on port 5000 [development]","timestamp":"2026-03-12 09:34:23"}
{"level":"info","message":"SMTP ready — nabel.wambulwa@vukisha95.org","timestamp":"2026-03-12 09:34:24"}
{"level":"debug","message":"GET /api/auth/me","timestamp":"2026-03-12 09:35:03"}
{"level":"debug","message":"GET /api/auth/me","timestamp":"2026-03-12 09:35:03"}
{"level":"debug","message":"GET /api/dashboard","timestamp":"2026-03-12 09:35:03"}
{"level":"debug","message":"GET /api/dashboard","timestamp":"2026-03-12 09:35:03"}
{"level":"debug","message":"GET /api/counties","timestamp":"2026-03-12 09:35:07"}
{"level":"debug","message":"GET /api/counties","timestamp":"2026-03-12 09:35:07"}
{"level":"debug","message":"GET /api/facilities?page=1&limit=20&search=","timestamp":"2026-03-12 09:35:07"}
{"level":"debug","message":"POST /api/auth/login","timestamp":"2026-03-12 09:35:15"}
{"level":"debug","message":"GET /api/dashboard","timestamp":"2026-03-12 09:35:15"}
{"level":"debug","message":"GET /api/dashboard","timestamp":"2026-03-12 09:35:15"}
{"level":"debug","message":"GET /api/users?page=1&limit=20&search=","timestamp":"2026-03-12 09:35:18"}
{"level":"debug","message":"GET /api/counties","timestamp":"2026-03-12 09:35:20"}
{"level":"debug","message":"GET /api/counties","timestamp":"2026-03-12 09:35:20"}
{"level":"debug","message":"GET /api/counties/43/sub-counties","timestamp":"2026-03-12 09:35:26"}
{"level":"debug","message":"PATCH /api/users/2","timestamp":"2026-03-12 09:35:29"}
{"level":"debug","message":"GET /api/users?page=1&limit=20&search=","timestamp":"2026-03-12 09:35:29"}
{"level":"debug","message":"POST /api/auth/login","timestamp":"2026-03-12 09:35:36"}
{"level":"debug","message":"GET /api/dashboard","timestamp":"2026-03-12 09:35:36"}
{"level":"debug","message":"GET /api/dashboard","timestamp":"2026-03-12 09:35:36"}
{"level":"debug","message":"GET /api/counties","timestamp":"2026-03-12 09:35:43"}
{"level":"debug","message":"GET /api/counties","timestamp":"2026-03-12 09:35:43"}
{"level":"debug","message":"GET /api/devices?page=1&limit=20&search=&status=&countyId=","timestamp":"2026-03-12 09:35:48"}
{"level":"debug","message":"GET /api/users?page=1&limit=20&search=","timestamp":"2026-03-12 09:36:04"}
{"level":"debug","message":"GET /api/counties","timestamp":"2026-03-12 09:36:08"}
{"level":"debug","message":"GET /api/counties/43/sub-counties","timestamp":"2026-03-12 09:36:08"}
{"level":"debug","message":"GET /api/counties/43/sub-counties","timestamp":"2026-03-12 09:36:08"}
{"level":"debug","message":"GET /api/counties","timestamp":"2026-03-12 09:36:08"}
{"level":"debug","message":"PATCH /api/users/2","timestamp":"2026-03-12 09:36:12"}
{"level":"debug","message":"GET /api/users?page=1&limit=20&search=","timestamp":"2026-03-12 09:36:12"}
{"level":"debug","message":"POST /api/auth/login","timestamp":"2026-03-12 09:36:17"}
{"level":"debug","message":"GET /api/dashboard","timestamp":"2026-03-12 09:36:17"}
{"level":"debug","message":"GET /api/dashboard","timestamp":"2026-03-12 09:36:17"}
{"level":"debug","message":"GET /api/counties","timestamp":"2026-03-12 09:40:57"}
{"level":"debug","message":"GET /api/counties","timestamp":"2026-03-12 09:40:57"}
{"level":"debug","message":"GET /api/devices?page=1&limit=20&search=&status=&countyId=","timestamp":"2026-03-12 09:40:58"}
{"level":"debug","message":"GET /api/verifications?page=1&limit=20&year=","timestamp":"2026-03-12 09:40:59"}
{"level":"debug","message":"GET /api/verifications?page=1&limit=20&year=","timestamp":"2026-03-12 09:40:59"}
{"level":"debug","message":"GET /api/counties","timestamp":"2026-03-12 09:41:01"}
{"level":"debug","message":"GET /api/counties","timestamp":"2026-03-12 09:41:01"}
{"level":"debug","message":"GET /api/facilities?page=1&limit=20&search=","timestamp":"2026-03-12 09:41:01"}
{"level":"debug","message":"GET /api/dashboard","timestamp":"2026-03-12 09:41:03"}
{"level":"debug","message":"GET /api/dashboard","timestamp":"2026-03-12 09:41:03"}
{"level":"debug","message":"POST /api/auth/login","timestamp":"2026-03-12 09:41:41"}
{"level":"debug","message":"GET /api/dashboard","timestamp":"2026-03-12 09:41:41"}
{"level":"debug","message":"GET /api/dashboard","timestamp":"2026-03-12 09:41:41"}
{"level":"debug","message":"GET /api/counties","timestamp":"2026-03-12 09:41:44"}
{"level":"debug","message":"GET /api/counties","timestamp":"2026-03-12 09:41:44"}
{"level":"debug","message":"GET /api/facilities?page=1&limit=20&search=","timestamp":"2026-03-12 09:41:44"}
{"level":"debug","message":"POST /api/auth/login","timestamp":"2026-03-12 09:41:49"}
{"level":"debug","message":"GET /api/dashboard","timestamp":"2026-03-12 09:41:49"}
{"level":"debug","message":"GET /api/dashboard","timestamp":"2026-03-12 09:41:49"}
{"level":"debug","message":"GET /api/counties","timestamp":"2026-03-12 09:41:51"}
{"level":"debug","message":"GET /api/counties","timestamp":"2026-03-12 09:41:51"}
{"level":"debug","message":"GET /api/facilities?page=1&limit=20&search=","timestamp":"2026-03-12 09:41:51"}
{"level":"debug","message":"GET /api/counties","timestamp":"2026-03-12 09:43:32"}
{"level":"debug","message":"GET /api/counties","timestamp":"2026-03-12 09:43:32"}
{"level":"debug","message":"GET /api/facilities?page=1&limit=20&search=","timestamp":"2026-03-12 09:43:33"}
{"level":"debug","message":"GET /api/counties","timestamp":"2026-03-12 09:43:33"}
{"level":"debug","message":"GET /api/counties","timestamp":"2026-03-12 09:43:33"}
{"level":"debug","message":"GET /api/facilities?page=1&limit=20&search=","timestamp":"2026-03-12 09:43:34"}
{"level":"debug","message":"GET /api/facilities/44","timestamp":"2026-03-12 09:43:36"}
{"level":"debug","message":"GET /api/devices?facilityId=44&page=1&limit=20","timestamp":"2026-03-12 09:43:36"}
{"level":"debug","message":"GET /api/facilities/44","timestamp":"2026-03-12 09:43:36"}
{"level":"debug","message":"GET /api/devices?facilityId=44&page=1&limit=20","timestamp":"2026-03-12 09:43:36"}
{"level":"debug","message":"GET /api/counties","timestamp":"2026-03-12 09:43:39"}
{"level":"debug","message":"GET /api/counties","timestamp":"2026-03-12 09:43:39"}
{"level":"debug","message":"GET /api/facilities?page=1&limit=20&search=","timestamp":"2026-03-12 09:43:39"}
{"level":"debug","message":"POST /api/auth/login","timestamp":"2026-03-12 09:43:47"}
{"level":"debug","message":"GET /api/dashboard","timestamp":"2026-03-12 09:43:47"}
{"level":"debug","message":"GET /api/dashboard","timestamp":"2026-03-12 09:43:47"}
{"level":"debug","message":"GET /api/counties","timestamp":"2026-03-12 09:43:50"}
{"level":"debug","message":"GET /api/counties","timestamp":"2026-03-12 09:43:50"}
{"level":"debug","message":"GET /api/facilities?page=1&limit=20&search=","timestamp":"2026-03-12 09:43:50"}
{"level":"debug","message":"POST /api/auth/login","timestamp":"2026-03-12 09:43:55"}
{"level":"debug","message":"GET /api/dashboard","timestamp":"2026-03-12 09:43:55"}
{"level":"debug","message":"GET /api/dashboard","timestamp":"2026-03-12 09:43:55"}
{"level":"debug","message":"GET /api/users?page=1&limit=20&search=","timestamp":"2026-03-12 09:43:58"}
{"level":"debug","message":"GET /api/counties","timestamp":"2026-03-12 09:44:02"}
{"level":"debug","message":"GET /api/counties/43/sub-counties","timestamp":"2026-03-12 09:44:02"}
{"level":"debug","message":"GET /api/counties","timestamp":"2026-03-12 09:44:02"}
{"level":"debug","message":"GET /api/counties/43/sub-counties","timestamp":"2026-03-12 09:44:02"}
{"level":"debug","message":"PATCH /api/users/2","timestamp":"2026-03-12 09:44:05"}
{"level":"debug","message":"GET /api/users?page=1&limit=20&search=","timestamp":"2026-03-12 09:44:05"}
{"level":"debug","message":"POST /api/auth/login","timestamp":"2026-03-12 09:44:10"}
{"level":"debug","message":"GET /api/dashboard","timestamp":"2026-03-12 09:44:10"}
{"level":"debug","message":"GET /api/dashboard","timestamp":"2026-03-12 09:44:10"}
{"level":"debug","message":"POST /api/auth/login","timestamp":"2026-03-12 09:44:21"}
{"level":"debug","message":"GET /api/dashboard","timestamp":"2026-03-12 09:44:21"}
{"level":"debug","message":"GET /api/dashboard","timestamp":"2026-03-12 09:44:21"}
{"level":"debug","message":"GET /api/users?page=1&limit=20&search=","timestamp":"2026-03-12 09:44:23"}
{"level":"debug","message":"GET /api/counties","timestamp":"2026-03-12 09:44:32"}
{"level":"debug","message":"GET /api/counties/43/sub-counties","timestamp":"2026-03-12 09:44:32"}
{"level":"debug","message":"GET /api/counties","timestamp":"2026-03-12 09:44:32"}
{"level":"debug","message":"GET /api/counties/43/sub-counties","timestamp":"2026-03-12 09:44:32"}
{"level":"debug","message":"PATCH /api/users/2","timestamp":"2026-03-12 09:44:35"}
{"level":"debug","message":"GET /api/users?page=1&limit=20&search=","timestamp":"2026-03-12 09:44:35"}
{"level":"debug","message":"POST /api/auth/login","timestamp":"2026-03-12 09:44:44"}
{"level":"debug","message":"GET /api/dashboard","timestamp":"2026-03-12 09:44:45"}
{"level":"debug","message":"GET /api/dashboard","timestamp":"2026-03-12 09:44:45"}
{"level":"debug","message":"GET /api/counties","timestamp":"2026-03-12 09:44:47"}
{"level":"debug","message":"GET /api/counties","timestamp":"2026-03-12 09:44:47"}
{"level":"debug","message":"GET /api/devices?page=1&limit=20&search=&status=&countyId=","timestamp":"2026-03-12 09:44:47"}
{"level":"debug","message":"GET /api/verifications?page=1&limit=20&year=","timestamp":"2026-03-12 09:44:48"}
{"level":"debug","message":"GET /api/verifications?page=1&limit=20&year=","timestamp":"2026-03-12 09:44:48"}
{"level":"debug","message":"GET /api/counties","timestamp":"2026-03-12 09:44:48"}
{"level":"debug","message":"GET /api/counties","timestamp":"2026-03-12 09:44:48"}
{"level":"debug","message":"GET /api/facilities?page=1&limit=20&search=","timestamp":"2026-03-12 09:44:49"}
{"level":"debug","message":"GET /api/dashboard","timestamp":"2026-03-12 09:44:57"}
{"level":"debug","message":"GET /api/dashboard","timestamp":"2026-03-12 09:44:57"}
{"level":"debug","message":"GET /api/counties","timestamp":"2026-03-12 09:44:59"}
{"level":"debug","message":"GET /api/counties","timestamp":"2026-03-12 09:44:59"}
{"level":"debug","message":"GET /api/facilities?page=1&limit=20&search=","timestamp":"2026-03-12 09:44:59"}
{"level":"debug","message":"GET /api/facilities/88","timestamp":"2026-03-12 09:45:00"}
{"level":"debug","message":"GET /api/devices?facilityId=88&page=1&limit=20","timestamp":"2026-03-12 09:45:00"}
{"level":"debug","message":"GET /api/facilities/88","timestamp":"2026-03-12 09:45:00"}
{"level":"debug","message":"GET /api/devices?facilityId=88&page=1&limit=20","timestamp":"2026-03-12 09:45:00"}
{"level":"debug","message":"GET /api/verifications?page=1&limit=20&year=","timestamp":"2026-03-12 09:45:01"}
{"level":"debug","message":"GET /api/verifications?page=1&limit=20&year=","timestamp":"2026-03-12 09:45:01"}
{"level":"debug","message":"GET /api/counties","timestamp":"2026-03-12 09:45:02"}
{"level":"debug","message":"GET /api/counties","timestamp":"2026-03-12 09:45:02"}
{"level":"debug","message":"GET /api/devices?page=1&limit=20&search=&status=&countyId=","timestamp":"2026-03-12 09:45:02"}
{"level":"debug","message":"GET /api/dashboard","timestamp":"2026-03-12 09:45:04"}
{"level":"debug","message":"GET /api/dashboard","timestamp":"2026-03-12 09:45:04"}
{"level":"debug","message":"POST /api/auth/login","timestamp":"2026-03-12 09:45:53"}
{"level":"debug","message":"GET /api/dashboard","timestamp":"2026-03-12 09:45:53"}
{"level":"debug","message":"GET /api/dashboard","timestamp":"2026-03-12 09:45:53"}
{"level":"debug","message":"GET /api/users?page=1&limit=20&search=","timestamp":"2026-03-12 09:45:57"}
{"level":"debug","message":"GET /api/counties","timestamp":"2026-03-12 09:45:59"}
{"level":"debug","message":"GET /api/counties/43/sub-counties","timestamp":"2026-03-12 09:45:59"}
{"level":"debug","message":"GET /api/counties","timestamp":"2026-03-12 09:45:59"}
{"level":"debug","message":"GET /api/counties/43/sub-counties","timestamp":"2026-03-12 09:45:59"}
{"level":"debug","message":"PATCH /api/users/2","timestamp":"2026-03-12 09:46:08"}
{"level":"debug","message":"GET /api/users?page=1&limit=20&search=","timestamp":"2026-03-12 09:46:08"}
{"level":"debug","message":"POST /api/auth/login","timestamp":"2026-03-12 09:46:12"}
{"level":"debug","message":"GET /api/dashboard","timestamp":"2026-03-12 09:46:12"}
{"level":"debug","message":"GET /api/dashboard","timestamp":"2026-03-12 09:46:12"}
{"level":"debug","message":"GET /api/devices/1","timestamp":"2026-03-12 09:46:16"}
{"level":"debug","message":"GET /api/devices/1","timestamp":"2026-03-12 09:46:16"}
{"level":"debug","message":"POST /api/auth/login","timestamp":"2026-03-12 09:46:26"}
{"level":"debug","message":"GET /api/dashboard","timestamp":"2026-03-12 09:46:26"}
{"level":"debug","message":"GET /api/dashboard","timestamp":"2026-03-12 09:46:26"}
{"level":"debug","message":"GET /api/counties","timestamp":"2026-03-12 09:46:32"}
{"level":"debug","message":"GET /api/counties","timestamp":"2026-03-12 09:46:32"}
{"level":"debug","message":"GET /api/facilities?page=1&limit=20&search=","timestamp":"2026-03-12 09:46:32"}
{"level":"debug","message":"GET /api/counties","timestamp":"2026-03-12 09:46:33"}
{"level":"debug","message":"GET /api/counties","timestamp":"2026-03-12 09:46:33"}
{"level":"debug","message":"GET /api/devices?page=1&limit=20&search=&status=&countyId=","timestamp":"2026-03-12 09:46:34"}
{"level":"debug","message":"GET /api/counties","timestamp":"2026-03-12 09:46:34"}
{"level":"debug","message":"GET /api/counties","timestamp":"2026-03-12 09:46:34"}
{"level":"debug","message":"GET /api/facilities?page=1&limit=20&search=","timestamp":"2026-03-12 09:46:34"}
{"level":"debug","message":"GET /api/facilities/115","timestamp":"2026-03-12 09:46:37"}
{"level":"debug","message":"GET /api/devices?facilityId=115&page=1&limit=20","timestamp":"2026-03-12 09:46:37"}
{"level":"debug","message":"GET /api/facilities/115","timestamp":"2026-03-12 09:46:37"}
{"level":"debug","message":"GET /api/devices?facilityId=115&page=1&limit=20","timestamp":"2026-03-12 09:46:37"}
{"level":"info","message":"Database \"inventory\" ready","timestamp":"2026-03-12 10:12:54"}
{"level":"info","message":"Schema bootstrap complete","timestamp":"2026-03-12 10:12:54"}
{"level":"info","message":"🚀 Server on port 5000 [development]","timestamp":"2026-03-12 10:12:54"}
{"level":"info","message":"Database \"inventory\" ready","timestamp":"2026-03-12 10:12:54"}
{"level":"info","message":"Schema bootstrap complete","timestamp":"2026-03-12 10:12:54"}
{"level":"info","message":"🚀 Server on port 5000 [development]","timestamp":"2026-03-12 10:12:54"}
{"level":"info","message":"SMTP ready — nabel.wambulwa@vukisha95.org","timestamp":"2026-03-12 10:12:56"}
{"level":"debug","message":"GET /api/counties","timestamp":"2026-03-12 10:13:00"}
{"level":"debug","message":"GET /api/counties","timestamp":"2026-03-12 10:13:00"}
{"level":"debug","message":"GET /api/devices?page=1&limit=20&search=&status=&countyId=","timestamp":"2026-03-12 10:13:01"}
{"level":"debug","message":"GET /api/dashboard","timestamp":"2026-03-12 10:13:02"}
{"level":"debug","message":"GET /api/dashboard","timestamp":"2026-03-12 10:13:02"}
{"level":"debug","message":"GET /api/devices/unverified?page=1&limit=20","timestamp":"2026-03-12 10:13:04"}
{"level":"debug","message":"GET /api/devices/unverified?page=1&limit=20","timestamp":"2026-03-12 10:13:04"}
{"level":"info","message":"Database \"inventory\" ready","timestamp":"2026-03-13 16:10:06"}
{"level":"info","message":"Schema bootstrap complete","timestamp":"2026-03-13 16:10:07"}
{"level":"info","message":"🚀 Server on port 5000 [development]","timestamp":"2026-03-13 16:10:07"}
{"level":"debug","message":"GET /api/verifications?page=1&limit=20&year=","timestamp":"2026-03-13 16:10:20"}
{"level":"debug","message":"GET /api/verifications?page=1&limit=20&year=","timestamp":"2026-03-13 16:10:20"}
{"level":"debug","message":"GET /api/devices/unverified?page=1&limit=20","timestamp":"2026-03-13 16:10:21"}
{"level":"debug","message":"GET /api/counties","timestamp":"2026-03-13 16:10:24"}
{"level":"debug","message":"GET /api/devices?page=1&limit=20&search=&status=&countyId=","timestamp":"2026-03-13 16:10:24"}
{"level":"debug","message":"GET /api/counties","timestamp":"2026-03-13 16:10:24"}
{"level":"debug","message":"GET /api/dashboard","timestamp":"2026-03-13 16:10:26"}
{"level":"debug","message":"GET /api/dashboard","timestamp":"2026-03-13 16:10:27"}
{"level":"info","message":"Database \"inventory\" ready","timestamp":"2026-03-13 16:11:57"}
{"level":"info","message":"Schema bootstrap complete","timestamp":"2026-03-13 16:11:57"}
{"level":"info","message":"🚀 Server on port 5000 [development]","timestamp":"2026-03-13 16:11:57"}
{"level":"info","message":"Database \"inventory\" ready","timestamp":"2026-03-13 16:14:04"}
{"level":"info","message":"Schema bootstrap complete","timestamp":"2026-03-13 16:14:04"}
{"level":"info","message":"🚀 Server on port 5000 [development]","timestamp":"2026-03-13 16:14:04"}
{"level":"debug","message":"GET /api/auth/me","timestamp":"2026-03-13 16:14:16"}
{"level":"debug","message":"GET /api/auth/me","timestamp":"2026-03-13 16:14:16"}
{"level":"debug","message":"GET /api/dashboard","timestamp":"2026-03-13 16:14:17"}
{"level":"debug","message":"GET /api/dashboard","timestamp":"2026-03-13 16:14:17"}
{"level":"debug","message":"GET /api/users?page=1&limit=20&search=","timestamp":"2026-03-13 16:14:26"}
{"level":"debug","message":"GET /api/counties","timestamp":"2026-03-13 16:14:35"}
{"level":"debug","message":"GET /api/counties","timestamp":"2026-03-13 16:14:35"}
{"level":"debug","message":"GET /api/users?page=1&limit=20&search=admin%40inventory.org","timestamp":"2026-03-13 16:14:35"}
{"level":"debug","message":"POST /api/auth/register","timestamp":"2026-03-13 16:15:02"}
{"level":"warn","message":"Mail not configured — skipping email","timestamp":"2026-03-13 16:15:03"}
{"level":"debug","message":"GET /api/users?page=1&limit=20&search=admin%40inventory.org","timestamp":"2026-03-13 16:15:04"}
<<<<<<< HEAD
{"level":"info","message":"Database \"inventory\" ready","timestamp":"2026-03-13 16:25:11"}
{"level":"info","message":"Schema bootstrap complete","timestamp":"2026-03-13 16:25:11"}
{"level":"info","message":"🚀 Server on port 5000 [development]","timestamp":"2026-03-13 16:25:11"}
{"level":"info","message":"SMTP ready — nabel.wambulwa@vukisha95.org","timestamp":"2026-03-13 16:25:13"}
{"level":"debug","message":"GET /api/auth/me","timestamp":"2026-03-13 16:26:11"}
{"level":"debug","message":"GET /api/auth/me","timestamp":"2026-03-13 16:26:11"}
{"level":"debug","message":"GET /api/users?page=1&limit=20&search=","timestamp":"2026-03-13 16:26:11"}
{"level":"info","message":"Database \"inventory\" ready","timestamp":"2026-03-18 05:02:09"}
{"level":"info","message":"Schema bootstrap complete","timestamp":"2026-03-18 05:02:09"}
{"level":"info","message":"🚀 Server on port 5000 [development]","timestamp":"2026-03-18 05:02:09"}
{"level":"info","message":"SMTP ready — nabel.wambulwa@vukisha95.org","timestamp":"2026-03-18 05:02:10"}
{"level":"debug","message":"GET /api/auth/me","timestamp":"2026-03-18 05:04:10"}
{"err":"jwt expired","ip":"127.0.0.1","level":"warn","message":"JWT failed","timestamp":"2026-03-18 05:04:10"}
{"level":"debug","message":"GET /favicon.ico","timestamp":"2026-03-18 05:04:10"}
{"level":"debug","message":"GET /api/auth/me","timestamp":"2026-03-18 05:04:10"}
{"err":"jwt expired","ip":"127.0.0.1","level":"warn","message":"JWT failed","timestamp":"2026-03-18 05:04:10"}
{"level":"debug","message":"GET /favicon.ico","timestamp":"2026-03-18 05:04:11"}
{"level":"debug","message":"POST /api/auth/login","timestamp":"2026-03-18 05:04:14"}
{"level":"debug","message":"GET /api/dashboard","timestamp":"2026-03-18 05:04:15"}
{"level":"debug","message":"GET /api/dashboard","timestamp":"2026-03-18 05:04:15"}
{"level":"debug","message":"GET /api/verifications?page=1&limit=20&year=","timestamp":"2026-03-18 05:06:28"}
{"level":"debug","message":"GET /api/verifications?page=1&limit=20&year=","timestamp":"2026-03-18 05:06:28"}
{"level":"debug","message":"GET /api/counties","timestamp":"2026-03-18 05:06:28"}
{"level":"debug","message":"GET /api/counties","timestamp":"2026-03-18 05:06:28"}
{"level":"debug","message":"GET /api/facilities?page=1&limit=20&search=","timestamp":"2026-03-18 05:06:28"}
{"level":"debug","message":"GET /api/sims?page=1&limit=20&search=","timestamp":"2026-03-18 05:06:31"}
{"level":"debug","message":"GET /api/users?page=1&limit=20&search=","timestamp":"2026-03-18 05:06:32"}
{"level":"debug","message":"GET /api/dashboard","timestamp":"2026-03-18 09:12:25"}
{"level":"debug","message":"GET /api/dashboard","timestamp":"2026-03-18 09:12:25"}
{"level":"debug","message":"GET /api/counties","timestamp":"2026-03-18 09:12:35"}
{"level":"debug","message":"GET /api/counties","timestamp":"2026-03-18 09:12:35"}
{"level":"debug","message":"GET /api/devices?page=1&limit=20&search=&status=&countyId=","timestamp":"2026-03-18 09:12:36"}
{"level":"debug","message":"GET /api/affiliations","timestamp":"2026-03-18 09:12:38"}
{"level":"debug","message":"GET /api/facilities?limit=500","timestamp":"2026-03-18 09:12:39"}
{"level":"debug","message":"GET /api/counties","timestamp":"2026-03-18 09:12:39"}
{"level":"debug","message":"GET /api/affiliations","timestamp":"2026-03-18 09:12:39"}
{"level":"debug","message":"GET /api/counties","timestamp":"2026-03-18 09:12:39"}
{"level":"debug","message":"GET /api/facilities?limit=500","timestamp":"2026-03-18 09:12:39"}
{"level":"info","message":"Database \"inventory\" ready","timestamp":"2026-03-18 14:42:37"}
{"level":"info","message":"Schema bootstrap complete","timestamp":"2026-03-18 14:42:37"}
{"level":"info","message":"🚀 Server on port 5000 [development]","timestamp":"2026-03-18 14:42:37"}
{"level":"info","message":"SMTP ready — nabel.wambulwa@vukisha95.org","timestamp":"2026-03-18 14:42:39"}
{"level":"info","message":"Database \"inventory\" ready","timestamp":"2026-03-19 10:01:38"}
{"level":"info","message":"Schema bootstrap complete","timestamp":"2026-03-19 10:01:38"}
{"level":"info","message":"🚀 Server on port 5000 [development]","timestamp":"2026-03-19 10:01:38"}
{"level":"info","message":"SMTP ready — nabel.wambulwa@vukisha95.org","timestamp":"2026-03-19 10:01:41"}
{"level":"debug","message":"GET /api/auth/me","timestamp":"2026-03-19 10:03:02"}
{"err":"jwt expired","ip":"127.0.0.1","level":"warn","message":"JWT failed","timestamp":"2026-03-19 10:03:02"}
{"level":"debug","message":"GET /favicon.ico","timestamp":"2026-03-19 10:03:02"}
{"level":"debug","message":"GET /api/auth/me","timestamp":"2026-03-19 10:03:03"}
{"err":"jwt expired","ip":"127.0.0.1","level":"warn","message":"JWT failed","timestamp":"2026-03-19 10:03:03"}
{"level":"debug","message":"GET /favicon.ico","timestamp":"2026-03-19 10:03:03"}
{"level":"debug","message":"GET /favicon.ico","timestamp":"2026-03-19 10:03:03"}
{"level":"info","message":"Database \"inventory\" ready","timestamp":"2026-03-19 10:06:16"}
{"level":"info","message":"Schema bootstrap complete","timestamp":"2026-03-19 10:06:17"}
{"level":"info","message":"🚀 Server on port 5000 [development]","timestamp":"2026-03-19 10:06:17"}
{"level":"info","message":"SMTP ready — nabel.wambulwa@vukisha95.org","timestamp":"2026-03-19 10:06:18"}
{"level":"info","message":"Database \"inventory\" ready","timestamp":"2026-03-19 10:13:58"}
{"level":"info","message":"Schema bootstrap complete","timestamp":"2026-03-19 10:13:59"}
{"level":"info","message":"🚀 Server on port 5000 [development]","timestamp":"2026-03-19 10:13:59"}
{"level":"info","message":"SMTP ready — nabel.wambulwa@vukisha95.org","timestamp":"2026-03-19 10:14:00"}
{"level":"debug","message":"POST /api/auth/login","timestamp":"2026-03-19 10:14:44"}
{"level":"debug","message":"GET /api/dashboard","timestamp":"2026-03-19 10:14:45"}
{"level":"debug","message":"GET /api/dashboard","timestamp":"2026-03-19 10:14:46"}
{"level":"debug","message":"GET /api/counties","timestamp":"2026-03-19 10:14:50"}
{"level":"debug","message":"GET /api/counties","timestamp":"2026-03-19 10:14:50"}
{"level":"debug","message":"GET /api/facilities?page=1&limit=20&search=","timestamp":"2026-03-19 10:14:51"}
{"level":"debug","message":"GET /api/verifications?page=1&limit=20&year=","timestamp":"2026-03-19 10:14:52"}
{"level":"debug","message":"GET /api/verifications?page=1&limit=20&year=","timestamp":"2026-03-19 10:14:52"}
{"level":"debug","message":"GET /api/counties","timestamp":"2026-03-19 10:14:53"}
{"level":"debug","message":"GET /api/counties","timestamp":"2026-03-19 10:14:53"}
{"level":"debug","message":"GET /api/devices?page=1&limit=20&search=&status=&countyId=","timestamp":"2026-03-19 10:14:54"}
=======
{"level":"info","message":"Database \"inventory\" ready","timestamp":"2026-03-14 05:32:15"}
{"level":"info","message":"Schema bootstrap complete","timestamp":"2026-03-14 05:32:15"}
{"level":"info","message":"🚀 Server on port 5000 [development]","timestamp":"2026-03-14 05:32:15"}
{"level":"info","message":"SMTP ready — nabel.wambulwa@vukisha95.org","timestamp":"2026-03-14 05:32:17"}
{"level":"debug","message":"POST /api/auth/login","timestamp":"2026-03-14 05:32:21"}
{"level":"debug","message":"GET /favicon.ico","timestamp":"2026-03-14 05:32:21"}
{"level":"debug","message":"POST /api/auth/login","timestamp":"2026-03-14 05:32:23"}
{"level":"debug","message":"POST /api/auth/login","timestamp":"2026-03-14 05:32:24"}
{"level":"debug","message":"POST /api/auth/login","timestamp":"2026-03-14 05:32:30"}
{"level":"debug","message":"GET /api/dashboard","timestamp":"2026-03-14 05:32:31"}
{"level":"debug","message":"GET /api/dashboard","timestamp":"2026-03-14 05:32:31"}
{"level":"debug","message":"POST /api/auth/login","timestamp":"2026-03-14 05:32:39"}
{"level":"debug","message":"POST /api/auth/login","timestamp":"2026-03-14 05:32:47"}
{"level":"debug","message":"GET /api/dashboard","timestamp":"2026-03-14 05:32:47"}
{"level":"debug","message":"GET /api/dashboard","timestamp":"2026-03-14 05:32:47"}
{"level":"debug","message":"GET /api/users?page=1&limit=20&search=","timestamp":"2026-03-14 05:32:53"}
{"level":"debug","message":"GET /api/users?page=1&limit=20&search=","timestamp":"2026-03-14 05:35:49"}
{"level":"debug","message":"GET /api/users?page=1&limit=20&search=","timestamp":"2026-03-14 05:35:50"}
{"level":"debug","message":"GET /api/auth/me","timestamp":"2026-03-14 05:36:25"}
{"level":"debug","message":"GET /api/auth/me","timestamp":"2026-03-14 05:36:25"}
{"level":"debug","message":"GET /api/users?page=1&limit=20&search=","timestamp":"2026-03-14 05:36:25"}
{"level":"debug","message":"GET /api/auth/me","timestamp":"2026-03-14 05:39:18"}
{"level":"debug","message":"GET /api/auth/me","timestamp":"2026-03-14 05:39:18"}
{"level":"debug","message":"GET /api/users?page=1&limit=20&search=","timestamp":"2026-03-14 05:39:19"}
{"level":"debug","message":"POST /api/users/2/resend-welcome","timestamp":"2026-03-14 05:39:24"}
{"level":"info","message":"Welcome email sent to nabel.wambulwa@lvcthealth.org","timestamp":"2026-03-14 05:39:28"}
{"level":"info","message":"Database \"inventory\" ready","timestamp":"2026-03-14 05:45:15"}
{"level":"info","message":"Schema bootstrap complete","timestamp":"2026-03-14 05:45:15"}
{"level":"info","message":"🚀 Server on port 5000 [development]","timestamp":"2026-03-14 05:45:15"}
{"level":"info","message":"SMTP ready — nabel.wambulwa@vukisha95.org","timestamp":"2026-03-14 05:45:17"}
{"level":"debug","message":"POST /api/users/2/resend-welcome","timestamp":"2026-03-14 05:45:27"}
{"level":"info","message":"Welcome email sent to nabel.wambulwa@lvcthealth.org","timestamp":"2026-03-14 05:45:31"}
{"level":"info","message":"Database \"inventory\" ready","timestamp":"2026-03-14 05:47:32"}
{"level":"info","message":"Schema bootstrap complete","timestamp":"2026-03-14 05:47:32"}
{"level":"info","message":"🚀 Server on port 5000 [development]","timestamp":"2026-03-14 05:47:32"}
{"level":"info","message":"SMTP ready — nabel.wambulwa@vukisha95.org","timestamp":"2026-03-14 05:47:33"}
{"level":"info","message":"Database \"inventory\" ready","timestamp":"2026-03-14 05:47:36"}
{"level":"info","message":"Schema bootstrap complete","timestamp":"2026-03-14 05:47:36"}
{"level":"info","message":"🚀 Server on port 5000 [development]","timestamp":"2026-03-14 05:47:36"}
{"level":"info","message":"SMTP ready — nabel.wambulwa@vukisha95.org","timestamp":"2026-03-14 05:47:37"}
{"level":"info","message":"Database \"inventory\" ready","timestamp":"2026-03-14 05:47:38"}
{"level":"info","message":"Schema bootstrap complete","timestamp":"2026-03-14 05:47:38"}
{"level":"info","message":"🚀 Server on port 5000 [development]","timestamp":"2026-03-14 05:47:38"}
{"level":"info","message":"SMTP ready — nabel.wambulwa@vukisha95.org","timestamp":"2026-03-14 05:47:40"}
{"level":"info","message":"Database \"inventory\" ready","timestamp":"2026-03-14 05:47:56"}
{"level":"info","message":"Schema bootstrap complete","timestamp":"2026-03-14 05:47:56"}
{"level":"info","message":"🚀 Server on port 5000 [development]","timestamp":"2026-03-14 05:47:56"}
{"level":"info","message":"SMTP ready — nabel.wambulwa@vukisha95.org","timestamp":"2026-03-14 05:47:57"}
{"level":"info","message":"Database \"inventory\" ready","timestamp":"2026-03-14 05:47:59"}
{"level":"info","message":"Schema bootstrap complete","timestamp":"2026-03-14 05:47:59"}
{"level":"info","message":"🚀 Server on port 5000 [development]","timestamp":"2026-03-14 05:47:59"}
{"level":"info","message":"Database \"inventory\" ready","timestamp":"2026-03-14 05:48:01"}
{"level":"info","message":"Schema bootstrap complete","timestamp":"2026-03-14 05:48:01"}
{"level":"info","message":"🚀 Server on port 5000 [development]","timestamp":"2026-03-14 05:48:01"}
{"level":"info","message":"Database \"inventory\" ready","timestamp":"2026-03-14 05:48:02"}
{"level":"info","message":"Schema bootstrap complete","timestamp":"2026-03-14 05:48:02"}
{"level":"info","message":"🚀 Server on port 5000 [development]","timestamp":"2026-03-14 05:48:02"}
{"level":"info","message":"Database \"inventory\" ready","timestamp":"2026-03-14 05:48:03"}
{"level":"info","message":"Schema bootstrap complete","timestamp":"2026-03-14 05:48:03"}
{"level":"info","message":"🚀 Server on port 5000 [development]","timestamp":"2026-03-14 05:48:03"}
{"level":"info","message":"Database \"inventory\" ready","timestamp":"2026-03-14 05:48:04"}
{"level":"info","message":"Schema bootstrap complete","timestamp":"2026-03-14 05:48:04"}
{"level":"info","message":"🚀 Server on port 5000 [development]","timestamp":"2026-03-14 05:48:04"}
{"level":"info","message":"SMTP ready — nabel.wambulwa@vukisha95.org","timestamp":"2026-03-14 05:48:06"}
{"level":"info","message":"Database \"inventory\" ready","timestamp":"2026-03-14 05:48:12"}
{"level":"info","message":"Schema bootstrap complete","timestamp":"2026-03-14 05:48:12"}
{"level":"info","message":"🚀 Server on port 5000 [development]","timestamp":"2026-03-14 05:48:12"}
{"level":"info","message":"SMTP ready — nabel.wambulwa@vukisha95.org","timestamp":"2026-03-14 05:48:13"}
{"level":"info","message":"Database \"inventory\" ready","timestamp":"2026-03-14 05:48:16"}
{"level":"info","message":"Schema bootstrap complete","timestamp":"2026-03-14 05:48:16"}
{"level":"info","message":"🚀 Server on port 5000 [development]","timestamp":"2026-03-14 05:48:16"}
{"level":"info","message":"Database \"inventory\" ready","timestamp":"2026-03-14 05:48:18"}
{"level":"info","message":"Schema bootstrap complete","timestamp":"2026-03-14 05:48:18"}
{"level":"info","message":"🚀 Server on port 5000 [development]","timestamp":"2026-03-14 05:48:18"}
{"level":"info","message":"SMTP ready — nabel.wambulwa@vukisha95.org","timestamp":"2026-03-14 05:48:19"}
{"level":"debug","message":"POST /api/users/2/resend-welcome","timestamp":"2026-03-14 05:48:25"}
{"level":"info","message":"Welcome email sent to nabel.wambulwa@lvcthealth.org","timestamp":"2026-03-14 05:48:29"}
{"level":"info","message":"Database \"inventory\" ready","timestamp":"2026-03-14 05:49:13"}
{"level":"info","message":"Schema bootstrap complete","timestamp":"2026-03-14 05:49:13"}
{"level":"info","message":"🚀 Server on port 5000 [development]","timestamp":"2026-03-14 05:49:13"}
{"level":"info","message":"SMTP ready — nabel.wambulwa@vukisha95.org","timestamp":"2026-03-14 05:49:15"}
{"level":"info","message":"Database \"inventory\" ready","timestamp":"2026-03-14 05:49:15"}
{"level":"info","message":"Schema bootstrap complete","timestamp":"2026-03-14 05:49:15"}
{"level":"info","message":"🚀 Server on port 5000 [development]","timestamp":"2026-03-14 05:49:15"}
{"level":"info","message":"SMTP ready — nabel.wambulwa@vukisha95.org","timestamp":"2026-03-14 05:49:17"}
{"level":"debug","message":"POST /api/users/2/resend-welcome","timestamp":"2026-03-14 05:49:23"}
{"level":"info","message":"Welcome email sent to nabel.wambulwa@lvcthealth.org","timestamp":"2026-03-14 05:49:27"}
{"level":"info","message":"Database \"inventory\" ready","timestamp":"2026-03-14 05:50:00"}
{"level":"info","message":"Schema bootstrap complete","timestamp":"2026-03-14 05:50:00"}
{"level":"info","message":"🚀 Server on port 5000 [development]","timestamp":"2026-03-14 05:50:00"}
{"level":"info","message":"SMTP ready — nabel.wambulwa@vukisha95.org","timestamp":"2026-03-14 05:50:02"}
{"level":"info","message":"Database \"inventory\" ready","timestamp":"2026-03-14 05:50:03"}
{"level":"info","message":"Schema bootstrap complete","timestamp":"2026-03-14 05:50:03"}
{"level":"info","message":"🚀 Server on port 5000 [development]","timestamp":"2026-03-14 05:50:03"}
{"level":"info","message":"SMTP ready — nabel.wambulwa@vukisha95.org","timestamp":"2026-03-14 05:50:05"}
{"level":"info","message":"Database \"inventory\" ready","timestamp":"2026-03-14 05:50:14"}
{"level":"info","message":"Schema bootstrap complete","timestamp":"2026-03-14 05:50:14"}
{"level":"info","message":"🚀 Server on port 5000 [development]","timestamp":"2026-03-14 05:50:14"}
{"level":"info","message":"SMTP ready — nabel.wambulwa@vukisha95.org","timestamp":"2026-03-14 05:50:15"}
{"level":"info","message":"Database \"inventory\" ready","timestamp":"2026-03-14 05:50:16"}
{"level":"info","message":"Schema bootstrap complete","timestamp":"2026-03-14 05:50:17"}
{"level":"info","message":"🚀 Server on port 5000 [development]","timestamp":"2026-03-14 05:50:17"}
{"level":"info","message":"SMTP ready — nabel.wambulwa@vukisha95.org","timestamp":"2026-03-14 05:50:18"}
{"level":"debug","message":"POST /api/users/2/resend-welcome","timestamp":"2026-03-14 05:50:22"}
{"level":"info","message":"Welcome email sent to nabel.wambulwa@lvcthealth.org","timestamp":"2026-03-14 05:50:25"}
{"level":"info","message":"Database \"inventory\" ready","timestamp":"2026-03-14 05:51:31"}
{"level":"info","message":"Schema bootstrap complete","timestamp":"2026-03-14 05:51:31"}
{"level":"info","message":"🚀 Server on port 5000 [development]","timestamp":"2026-03-14 05:51:31"}
{"level":"info","message":"SMTP ready — nabel.wambulwa@vukisha95.org","timestamp":"2026-03-14 05:51:33"}
{"level":"debug","message":"POST /api/users/2/resend-welcome","timestamp":"2026-03-14 05:51:39"}
{"level":"info","message":"Welcome email sent to nabel.wambulwa@lvcthealth.org","timestamp":"2026-03-14 05:51:42"}
{"level":"debug","message":"POST /api/auth/login","timestamp":"2026-03-14 05:52:52"}
{"level":"debug","message":"GET /api/dashboard","timestamp":"2026-03-14 05:52:52"}
{"level":"debug","message":"GET /api/dashboard","timestamp":"2026-03-14 05:52:52"}
{"level":"debug","message":"GET /api/devices/1","timestamp":"2026-03-14 05:52:59"}
{"level":"debug","message":"GET /api/devices/1","timestamp":"2026-03-14 05:52:59"}
{"level":"debug","message":"POST /api/devices/1/verify","timestamp":"2026-03-14 05:53:12"}
{"level":"debug","message":"POST /api/devices/1/report-lost","timestamp":"2026-03-14 05:53:42"}
{"level":"debug","message":"GET /api/devices/1","timestamp":"2026-03-14 05:53:42"}
{"level":"info","message":"Lost device alert sent for device 1","timestamp":"2026-03-14 05:53:47"}
{"level":"debug","message":"POST /api/auth/login","timestamp":"2026-03-14 05:54:08"}
{"level":"debug","message":"GET /api/dashboard","timestamp":"2026-03-14 05:54:09"}
{"level":"debug","message":"GET /api/dashboard","timestamp":"2026-03-14 05:54:09"}
{"level":"debug","message":"GET /api/audit-logs?page=1&limit=20&search=&action=","timestamp":"2026-03-14 05:54:17"}
{"level":"debug","message":"GET /api/counties","timestamp":"2026-03-14 05:54:23"}
{"level":"debug","message":"GET /api/counties","timestamp":"2026-03-14 05:54:23"}
{"level":"debug","message":"GET /api/devices?page=1&limit=20&search=&status=&countyId=","timestamp":"2026-03-14 05:54:23"}
{"level":"debug","message":"GET /api/devices/1","timestamp":"2026-03-14 05:54:27"}
{"level":"debug","message":"GET /api/devices/1","timestamp":"2026-03-14 05:54:27"}
{"level":"debug","message":"GET /api/users/escalation-targets","timestamp":"2026-03-14 05:54:30"}
{"level":"debug","message":"POST /api/devices/1/review-loss","timestamp":"2026-03-14 05:54:38"}
{"level":"debug","message":"GET /api/devices/1","timestamp":"2026-03-14 05:54:38"}
{"level":"info","message":"Escalation alert sent for device 1","timestamp":"2026-03-14 05:54:41"}
{"level":"debug","message":"GET /api/auth/me","timestamp":"2026-03-14 05:55:17"}
{"level":"debug","message":"GET /api/auth/me","timestamp":"2026-03-14 05:55:17"}
{"level":"debug","message":"GET /api/devices/1","timestamp":"2026-03-14 05:55:17"}
{"level":"debug","message":"GET /api/devices/1","timestamp":"2026-03-14 05:55:17"}
{"level":"info","message":"Database \"inventory\" ready","timestamp":"2026-03-14 05:56:49"}
{"level":"info","message":"Schema bootstrap complete","timestamp":"2026-03-14 05:56:49"}
{"level":"info","message":"🚀 Server on port 5000 [development]","timestamp":"2026-03-14 05:56:49"}
{"level":"info","message":"SMTP ready — nabel.wambulwa@vukisha95.org","timestamp":"2026-03-14 05:56:51"}
{"level":"debug","message":"GET /api/counties","timestamp":"2026-03-14 05:57:00"}
{"level":"debug","message":"GET /api/counties","timestamp":"2026-03-14 05:57:00"}
{"level":"debug","message":"GET /api/devices?page=1&limit=20&search=&status=&countyId=","timestamp":"2026-03-14 05:57:00"}
{"level":"debug","message":"GET /api/devices/1","timestamp":"2026-03-14 05:57:03"}
{"level":"debug","message":"GET /api/devices/1","timestamp":"2026-03-14 05:57:03"}
{"level":"debug","message":"GET /api/users/escalation-targets","timestamp":"2026-03-14 05:57:05"}
{"level":"debug","message":"POST /api/devices/1/review-loss","timestamp":"2026-03-14 05:57:10"}
{"level":"debug","message":"GET /api/devices/1","timestamp":"2026-03-14 05:57:10"}
{"level":"info","message":"Escalation alert sent for device 1","timestamp":"2026-03-14 05:57:14"}
{"level":"debug","message":"GET /api/devices/1","timestamp":"2026-03-14 05:59:02"}
{"level":"debug","message":"GET /api/devices/1","timestamp":"2026-03-14 05:59:02"}
{"level":"debug","message":"GET /api/devices/1","timestamp":"2026-03-14 05:59:02"}
{"level":"debug","message":"GET /api/devices/1","timestamp":"2026-03-14 05:59:02"}
{"level":"debug","message":"GET /api/devices/1","timestamp":"2026-03-14 05:59:03"}
{"level":"debug","message":"GET /api/devices/1","timestamp":"2026-03-14 05:59:03"}
{"level":"debug","message":"GET /api/devices/1","timestamp":"2026-03-14 05:59:03"}
{"level":"debug","message":"GET /api/devices/1","timestamp":"2026-03-14 05:59:03"}
{"level":"info","message":"Database \"inventory\" ready","timestamp":"2026-03-14 05:59:23"}
{"level":"info","message":"Schema bootstrap complete","timestamp":"2026-03-14 05:59:23"}
{"level":"info","message":"🚀 Server on port 5000 [development]","timestamp":"2026-03-14 05:59:23"}
{"level":"info","message":"SMTP ready — nabel.wambulwa@vukisha95.org","timestamp":"2026-03-14 05:59:24"}
{"level":"info","message":"Database \"inventory\" ready","timestamp":"2026-03-14 05:59:41"}
{"level":"info","message":"Schema bootstrap complete","timestamp":"2026-03-14 05:59:41"}
{"level":"info","message":"🚀 Server on port 5000 [development]","timestamp":"2026-03-14 05:59:41"}
{"level":"info","message":"Database \"inventory\" ready","timestamp":"2026-03-14 05:59:43"}
{"level":"info","message":"Schema bootstrap complete","timestamp":"2026-03-14 05:59:43"}
{"level":"info","message":"🚀 Server on port 5000 [development]","timestamp":"2026-03-14 05:59:43"}
{"level":"info","message":"SMTP ready — nabel.wambulwa@vukisha95.org","timestamp":"2026-03-14 05:59:44"}
{"level":"debug","message":"GET /api/users/escalation-targets","timestamp":"2026-03-14 05:59:51"}
{"level":"debug","message":"POST /api/devices/1/review-loss","timestamp":"2026-03-14 06:01:29"}
{"level":"debug","message":"GET /api/devices/1","timestamp":"2026-03-14 06:01:29"}
{"level":"info","message":"Database \"inventory\" ready","timestamp":"2026-03-14 06:02:59"}
{"level":"info","message":"Schema bootstrap complete","timestamp":"2026-03-14 06:02:59"}
{"level":"info","message":"🚀 Server on port 5000 [development]","timestamp":"2026-03-14 06:02:59"}
{"level":"info","message":"SMTP ready — nabel.wambulwa@vukisha95.org","timestamp":"2026-03-14 06:03:01"}
{"level":"debug","message":"GET /api/auth/me","timestamp":"2026-03-14 06:05:01"}
{"level":"debug","message":"GET /api/auth/me","timestamp":"2026-03-14 06:05:01"}
{"level":"debug","message":"GET /api/devices/1","timestamp":"2026-03-14 06:05:01"}
{"level":"debug","message":"GET /api/devices/1","timestamp":"2026-03-14 06:05:01"}
{"level":"debug","message":"GET /api/devices/1","timestamp":"2026-03-14 06:05:48"}
{"level":"debug","message":"GET /api/devices/1","timestamp":"2026-03-14 06:05:48"}
{"level":"debug","message":"GET /api/devices/1","timestamp":"2026-03-14 06:05:48"}
{"level":"debug","message":"GET /api/devices/1","timestamp":"2026-03-14 06:05:48"}
{"level":"debug","message":"GET /api/devices/1","timestamp":"2026-03-14 06:05:49"}
{"level":"debug","message":"GET /api/devices/1","timestamp":"2026-03-14 06:05:49"}
{"level":"debug","message":"GET /api/devices/1","timestamp":"2026-03-14 06:05:49"}
{"level":"debug","message":"GET /api/devices/1","timestamp":"2026-03-14 06:05:49"}
{"level":"debug","message":"GET /api/auth/me","timestamp":"2026-03-14 06:06:01"}
{"level":"debug","message":"GET /api/auth/me","timestamp":"2026-03-14 06:06:01"}
{"level":"debug","message":"GET /api/devices/1","timestamp":"2026-03-14 06:06:01"}
{"level":"debug","message":"GET /api/devices/1","timestamp":"2026-03-14 06:06:02"}
{"level":"debug","message":"GET /api/devices/1","timestamp":"2026-03-14 06:07:55"}
{"level":"debug","message":"GET /api/devices/1","timestamp":"2026-03-14 06:07:55"}
{"level":"debug","message":"GET /api/auth/me","timestamp":"2026-03-14 06:07:59"}
{"level":"debug","message":"GET /api/auth/me","timestamp":"2026-03-14 06:07:59"}
{"level":"debug","message":"GET /api/devices/1","timestamp":"2026-03-14 06:07:59"}
{"level":"debug","message":"GET /api/devices/1","timestamp":"2026-03-14 06:07:59"}
{"level":"debug","message":"GET /api/counties","timestamp":"2026-03-14 06:08:03"}
{"level":"debug","message":"GET /api/counties","timestamp":"2026-03-14 06:08:03"}
{"level":"debug","message":"GET /api/devices?page=1&limit=20&search=&status=&countyId=","timestamp":"2026-03-14 06:08:03"}
{"level":"debug","message":"GET /api/devices/1","timestamp":"2026-03-14 06:08:07"}
{"level":"debug","message":"GET /api/devices/1","timestamp":"2026-03-14 06:08:07"}
{"level":"debug","message":"GET /api/devices/1","timestamp":"2026-03-14 06:12:16"}
{"level":"debug","message":"GET /api/devices/1","timestamp":"2026-03-14 06:12:16"}
{"level":"debug","message":"GET /api/devices/1","timestamp":"2026-03-14 06:12:20"}
{"level":"debug","message":"GET /api/devices/1","timestamp":"2026-03-14 06:12:20"}
{"level":"debug","message":"GET /api/counties","timestamp":"2026-03-14 06:12:29"}
{"level":"debug","message":"GET /api/counties","timestamp":"2026-03-14 06:12:29"}
{"level":"debug","message":"GET /api/facilities?page=1&limit=20&search=","timestamp":"2026-03-14 06:12:29"}
{"level":"debug","message":"GET /api/verifications?page=1&limit=20&year=","timestamp":"2026-03-14 06:12:31"}
{"level":"debug","message":"GET /api/verifications?page=1&limit=20&year=","timestamp":"2026-03-14 06:12:31"}
{"level":"debug","message":"GET /api/sims?page=1&limit=20&search=","timestamp":"2026-03-14 06:12:33"}
{"level":"debug","message":"GET /api/dashboard","timestamp":"2026-03-14 06:15:08"}
{"level":"debug","message":"GET /api/dashboard","timestamp":"2026-03-14 06:15:08"}
{"level":"debug","message":"GET /api/users?page=1&limit=20&search=","timestamp":"2026-03-14 06:17:32"}
{"level":"debug","message":"GET /api/auth/me","timestamp":"2026-03-14 06:18:05"}
{"level":"debug","message":"GET /api/auth/me","timestamp":"2026-03-14 06:18:05"}
{"level":"debug","message":"GET /api/users?page=1&limit=20&search=","timestamp":"2026-03-14 06:18:05"}
{"level":"debug","message":"GET /api/dashboard","timestamp":"2026-03-14 06:18:37"}
{"level":"debug","message":"GET /api/dashboard","timestamp":"2026-03-14 06:18:37"}
>>>>>>> a8bd9a04d8e56a9a230c698de355bece47f39746
{"level":"info","message":"Database \"inventory\" ready","timestamp":"2026-03-19 14:01:25"}
{"level":"info","message":"Schema bootstrap complete","timestamp":"2026-03-19 14:01:25"}
{"level":"info","message":"🚀 Server on port 5000 [development]","timestamp":"2026-03-19 14:01:25"}
{"level":"info","message":"SMTP ready — nabel.wambulwa@vukisha95.org","timestamp":"2026-03-19 14:01:36"}
{"level":"info","message":"Database \"inventory\" ready","timestamp":"2026-03-19 14:14:29"}
{"level":"info","message":"Schema bootstrap complete","timestamp":"2026-03-19 14:14:29"}
{"level":"info","message":"🚀 Server on port 5000 [development]","timestamp":"2026-03-19 14:14:29"}
{"level":"info","message":"SMTP ready — nabel.wambulwa@vukisha95.org","timestamp":"2026-03-19 14:14:47"}
{"level":"debug","message":"GET /api/auth/me","timestamp":"2026-03-19 14:14:54"}
{"level":"debug","message":"GET /api/auth/me","timestamp":"2026-03-19 14:14:54"}
{"level":"debug","message":"GET /api/auth/me","timestamp":"2026-03-19 14:14:55"}
{"level":"debug","message":"GET /api/auth/me","timestamp":"2026-03-19 14:14:55"}
{"level":"debug","message":"GET /api/counties","timestamp":"2026-03-19 14:14:55"}
{"level":"debug","message":"GET /api/counties","timestamp":"2026-03-19 14:14:55"}
{"level":"debug","message":"GET /api/devices?page=1&limit=20&search=&status=&countyId=","timestamp":"2026-03-19 14:14:56"}
{"level":"debug","message":"GET /api/users?page=1&limit=20&search=","timestamp":"2026-03-19 14:14:56"}
{"level":"info","message":"Database \"inventory\" ready","timestamp":"2026-03-19 14:18:50"}
{"level":"info","message":"Schema bootstrap complete","timestamp":"2026-03-19 14:18:51"}
{"level":"info","message":"🚀 Server on port 5000 [development]","timestamp":"2026-03-19 14:18:51"}
{"level":"debug","message":"POST /api/users/2/resend-welcome","timestamp":"2026-03-19 14:18:59"}
{"level":"error","message":"SMTP connection failed: Connection closed unexpectedly","timestamp":"2026-03-19 14:19:13"}
{"level":"info","message":"Welcome email sent to wambulwanab@gmail.com","timestamp":"2026-03-19 14:19:29"}
{"level":"debug","message":"GET /api/admin-contacts?search=&includeInactive=true","timestamp":"2026-03-19 14:19:40"}
{"level":"debug","message":"GET /api/admin-contacts/cadres","timestamp":"2026-03-19 14:19:40"}
{"level":"debug","message":"GET /api/sims?page=1&limit=20&search=","timestamp":"2026-03-19 14:19:42"}
{"level":"debug","message":"GET /api/transfer-requests?page=1&limit=20&status=pending","timestamp":"2026-03-19 14:19:43"}
{"level":"debug","message":"GET /api/transfer-requests?page=1&limit=20&status=pending","timestamp":"2026-03-19 14:19:43"}
{"level":"debug","message":"GET /api/repairs?page=1&limit=20&status=under_repair","timestamp":"2026-03-19 14:19:44"}
{"level":"debug","message":"GET /api/repairs?page=1&limit=20&status=under_repair","timestamp":"2026-03-19 14:19:44"}
{"level":"debug","message":"GET /api/returns?page=1&limit=20&status=pending","timestamp":"2026-03-19 14:19:45"}
{"level":"debug","message":"GET /api/returns?page=1&limit=20&status=pending","timestamp":"2026-03-19 14:19:45"}
{"level":"debug","message":"GET /api/returns?page=1&limit=20&status=approved","timestamp":"2026-03-19 14:21:09"}
{"level":"debug","message":"GET /api/repairs?page=1&limit=20&status=under_repair","timestamp":"2026-03-19 14:21:09"}
{"level":"debug","message":"GET /api/repairs?page=1&limit=20&status=under_repair","timestamp":"2026-03-19 14:21:09"}
{"level":"debug","message":"GET /api/transfer-requests?page=1&limit=20&status=pending","timestamp":"2026-03-19 14:21:10"}
{"level":"debug","message":"GET /api/transfer-requests?page=1&limit=20&status=pending","timestamp":"2026-03-19 14:21:11"}
{"level":"debug","message":"GET /api/sims?page=1&limit=20&search=","timestamp":"2026-03-19 14:21:11"}
{"level":"debug","message":"GET /api/admin-contacts?search=&includeInactive=true","timestamp":"2026-03-19 14:21:13"}
{"level":"debug","message":"GET /api/admin-contacts/cadres","timestamp":"2026-03-19 14:21:13"}
{"level":"debug","message":"GET /api/users?page=1&limit=20&search=","timestamp":"2026-03-19 14:21:14"}
{"level":"debug","message":"GET /api/audit-logs?page=1&limit=20&search=&action=","timestamp":"2026-03-19 14:21:16"}
{"level":"debug","message":"GET /api/counties","timestamp":"2026-03-19 14:21:20"}
{"level":"debug","message":"GET /api/counties","timestamp":"2026-03-19 14:21:20"}
{"level":"debug","message":"GET /api/facilities?page=1&limit=20&search=","timestamp":"2026-03-19 14:21:20"}
{"level":"debug","message":"GET /api/verifications?page=1&limit=20&year=","timestamp":"2026-03-19 14:21:22"}
{"level":"debug","message":"GET /api/verifications?page=1&limit=20&year=","timestamp":"2026-03-19 14:21:22"}
{"level":"debug","message":"GET /api/counties","timestamp":"2026-03-19 14:21:26"}
{"level":"debug","message":"GET /api/devices?page=1&limit=20&search=&status=&countyId=","timestamp":"2026-03-19 14:21:26"}
{"level":"debug","message":"GET /api/counties","timestamp":"2026-03-19 14:21:26"}
{"level":"debug","message":"GET /api/dashboard","timestamp":"2026-03-19 14:21:27"}
{"level":"debug","message":"GET /api/dashboard","timestamp":"2026-03-19 14:21:27"}
{"level":"debug","message":"GET /api/admin-contacts?search=&includeInactive=true","timestamp":"2026-03-19 14:21:35"}
{"level":"debug","message":"GET /api/admin-contacts/cadres","timestamp":"2026-03-19 14:21:35"}
{"level":"debug","message":"GET /api/sims?page=1&limit=20&search=","timestamp":"2026-03-19 14:21:37"}
{"level":"debug","message":"GET /api/transfer-requests?page=1&limit=20&status=pending","timestamp":"2026-03-19 14:21:38"}
{"level":"debug","message":"GET /api/transfer-requests?page=1&limit=20&status=pending","timestamp":"2026-03-19 14:21:38"}
{"level":"debug","message":"GET /api/repairs?page=1&limit=20&status=under_repair","timestamp":"2026-03-19 14:21:39"}
{"level":"debug","message":"GET /api/repairs?page=1&limit=20&status=under_repair","timestamp":"2026-03-19 14:21:39"}
{"level":"debug","message":"GET /api/returns?page=1&limit=20&status=pending","timestamp":"2026-03-19 14:21:40"}
{"level":"debug","message":"GET /api/returns?page=1&limit=20&status=pending","timestamp":"2026-03-19 14:21:41"}
{"level":"debug","message":"GET /api/sims?page=1&limit=20&search=","timestamp":"2026-03-19 14:21:44"}
{"level":"debug","message":"GET /api/audit-logs?page=1&limit=20&search=&action=","timestamp":"2026-03-19 14:21:47"}
{"level":"debug","message":"GET /api/users?page=1&limit=20&search=","timestamp":"2026-03-19 14:21:48"}
{"level":"debug","message":"GET /api/auth/me","timestamp":"2026-03-19 14:22:04"}
{"level":"debug","message":"GET /api/auth/me","timestamp":"2026-03-19 14:22:05"}
{"level":"debug","message":"GET /api/counties","timestamp":"2026-03-19 14:22:05"}
{"level":"debug","message":"GET /api/devices?page=1&limit=20&search=&status=&countyId=","timestamp":"2026-03-19 14:22:05"}
{"level":"debug","message":"GET /api/counties","timestamp":"2026-03-19 14:22:05"}
{"level":"debug","message":"POST /api/auth/login","timestamp":"2026-03-19 14:22:52"}
{"level":"debug","message":"POST /api/auth/login","timestamp":"2026-03-19 14:23:38"}
{"level":"debug","message":"GET /api/dashboard","timestamp":"2026-03-19 14:23:39"}
{"level":"debug","message":"GET /api/dashboard","timestamp":"2026-03-19 14:23:40"}
{"level":"debug","message":"GET /api/counties","timestamp":"2026-03-19 14:23:45"}
{"level":"debug","message":"GET /api/counties","timestamp":"2026-03-19 14:23:46"}
{"level":"debug","message":"GET /api/devices?page=1&limit=20&search=&status=&countyId=","timestamp":"2026-03-19 14:23:46"}
{"level":"debug","message":"GET /api/devices/1","timestamp":"2026-03-19 14:23:48"}
{"level":"debug","message":"GET /api/devices/1","timestamp":"2026-03-19 14:23:48"}
{"level":"debug","message":"GET /api/verifications?page=1&limit=20&year=","timestamp":"2026-03-19 14:24:00"}
{"level":"debug","message":"GET /api/verifications?page=1&limit=20&year=","timestamp":"2026-03-19 14:24:01"}
{"level":"debug","message":"GET /api/counties","timestamp":"2026-03-19 14:24:02"}
{"level":"debug","message":"GET /api/counties","timestamp":"2026-03-19 14:24:02"}
{"level":"debug","message":"GET /api/facilities?page=1&limit=20&search=","timestamp":"2026-03-19 14:24:03"}
{"level":"debug","message":"GET /api/dashboard","timestamp":"2026-03-19 14:24:04"}
{"level":"debug","message":"GET /api/dashboard","timestamp":"2026-03-19 14:24:05"}
{"level":"debug","message":"GET /api/counties","timestamp":"2026-03-19 14:24:06"}
{"level":"debug","message":"GET /api/counties","timestamp":"2026-03-19 14:24:06"}
{"level":"debug","message":"GET /api/facilities?page=1&limit=20&search=","timestamp":"2026-03-19 14:24:06"}
{"level":"debug","message":"GET /api/verifications?page=1&limit=20&year=","timestamp":"2026-03-19 14:24:10"}
{"level":"debug","message":"GET /api/verifications?page=1&limit=20&year=","timestamp":"2026-03-19 14:24:10"}
{"level":"debug","message":"GET /api/counties","timestamp":"2026-03-19 14:24:11"}
{"level":"debug","message":"GET /api/counties","timestamp":"2026-03-19 14:24:11"}
{"level":"debug","message":"GET /api/devices?page=1&limit=20&search=&status=&countyId=","timestamp":"2026-03-19 14:24:12"}
{"level":"debug","message":"GET /api/dashboard","timestamp":"2026-03-19 14:24:12"}
{"level":"debug","message":"GET /api/dashboard","timestamp":"2026-03-19 14:24:12"}
{"level":"debug","message":"POST /api/auth/login","timestamp":"2026-03-19 14:24:41"}
{"level":"debug","message":"GET /api/dashboard","timestamp":"2026-03-19 14:24:43"}
{"level":"debug","message":"GET /api/dashboard","timestamp":"2026-03-19 14:24:43"}
{"level":"debug","message":"GET /api/counties","timestamp":"2026-03-19 14:24:45"}
{"level":"debug","message":"GET /api/counties","timestamp":"2026-03-19 14:24:46"}
{"level":"debug","message":"GET /api/devices?page=1&limit=20&search=&status=&countyId=","timestamp":"2026-03-19 14:24:46"}
{"level":"debug","message":"GET /api/devices/1","timestamp":"2026-03-19 14:24:47"}
{"level":"debug","message":"GET /api/devices/1","timestamp":"2026-03-19 14:24:48"}
{"level":"debug","message":"GET /api/repairs?page=1&limit=20&status=under_repair","timestamp":"2026-03-19 14:24:57"}
{"level":"debug","message":"GET /api/repairs?page=1&limit=20&status=under_repair","timestamp":"2026-03-19 14:24:57"}
{"level":"debug","message":"GET /api/returns?page=1&limit=20&status=pending","timestamp":"2026-03-19 14:24:59"}
{"level":"debug","message":"GET /api/returns?page=1&limit=20&status=pending","timestamp":"2026-03-19 14:24:59"}
{"level":"debug","message":"GET /api/counties","timestamp":"2026-03-19 14:25:00"}
{"level":"debug","message":"GET /api/counties","timestamp":"2026-03-19 14:25:00"}
{"level":"debug","message":"GET /api/devices?page=1&limit=20&search=&status=&countyId=","timestamp":"2026-03-19 14:25:01"}
{"level":"debug","message":"GET /api/dashboard","timestamp":"2026-03-19 14:25:03"}
{"level":"debug","message":"GET /api/dashboard","timestamp":"2026-03-19 14:25:03"}
{"level":"debug","message":"GET /api/counties","timestamp":"2026-03-19 14:25:04"}
{"level":"debug","message":"GET /api/counties","timestamp":"2026-03-19 14:25:04"}
{"level":"debug","message":"GET /api/devices?page=1&limit=20&search=&status=&countyId=","timestamp":"2026-03-19 14:25:05"}
{"level":"debug","message":"GET /api/devices/1","timestamp":"2026-03-19 14:25:07"}
{"level":"debug","message":"GET /api/devices/1","timestamp":"2026-03-19 14:25:07"}
{"level":"debug","message":"GET /api/devices/1","timestamp":"2026-03-19 14:27:44"}
{"level":"debug","message":"GET /api/devices/1","timestamp":"2026-03-19 14:27:45"}
{"level":"debug","message":"GET /api/devices/1","timestamp":"2026-03-19 14:27:45"}
{"level":"debug","message":"GET /api/devices/1","timestamp":"2026-03-19 14:27:46"}
{"level":"debug","message":"GET /api/counties","timestamp":"2026-03-19 14:34:10"}
{"level":"debug","message":"GET /api/counties","timestamp":"2026-03-19 14:34:10"}
{"level":"debug","message":"GET /api/devices?page=1&limit=20&search=&status=&countyId=","timestamp":"2026-03-19 14:34:11"}
{"level":"debug","message":"GET /api/devices/1","timestamp":"2026-03-19 14:34:15"}
{"level":"debug","message":"GET /api/devices/1","timestamp":"2026-03-19 14:34:15"}
{"level":"debug","message":"GET /api/auth/me","timestamp":"2026-03-19 14:36:44"}
{"level":"debug","message":"GET /api/auth/me","timestamp":"2026-03-19 14:36:44"}
{"level":"debug","message":"GET /api/repairs?page=1&limit=20&status=under_repair","timestamp":"2026-03-19 14:36:44"}
{"level":"debug","message":"GET /api/repairs?page=1&limit=20&status=under_repair","timestamp":"2026-03-19 14:36:44"}
{"level":"debug","message":"GET /api/admin-contacts","timestamp":"2026-03-19 14:36:46"}
{"level":"debug","message":"GET /api/admin-contacts","timestamp":"2026-03-19 14:36:47"}
{"level":"debug","message":"POST /api/repairs/3/mark-returned","timestamp":"2026-03-19 14:36:58"}
{"level":"debug","message":"GET /api/repairs?page=1&limit=20&status=under_repair","timestamp":"2026-03-19 14:36:59"}
{"level":"debug","message":"GET /api/counties","timestamp":"2026-03-19 14:37:03"}
{"level":"debug","message":"GET /api/counties","timestamp":"2026-03-19 14:37:04"}
{"level":"debug","message":"GET /api/devices?page=1&limit=20&search=&status=&countyId=","timestamp":"2026-03-19 14:37:04"}
{"level":"debug","message":"GET /api/devices/1","timestamp":"2026-03-19 14:37:06"}
{"level":"debug","message":"GET /api/devices/1","timestamp":"2026-03-19 14:37:06"}
{"level":"debug","message":"GET /api/counties","timestamp":"2026-03-19 14:37:10"}
{"level":"debug","message":"GET /api/devices?page=1&limit=20&search=&status=&countyId=","timestamp":"2026-03-19 14:37:11"}
{"level":"debug","message":"GET /api/counties","timestamp":"2026-03-19 14:37:11"}
{"level":"debug","message":"GET /api/returns?page=1&limit=20&status=pending","timestamp":"2026-03-19 14:37:12"}
{"level":"debug","message":"GET /api/returns?page=1&limit=20&status=pending","timestamp":"2026-03-19 14:37:12"}
{"level":"debug","message":"GET /api/repairs?page=1&limit=20&status=under_repair","timestamp":"2026-03-19 14:37:14"}
{"level":"debug","message":"GET /api/repairs?page=1&limit=20&status=under_repair","timestamp":"2026-03-19 14:37:15"}
{"level":"debug","message":"GET /api/transfer-requests?page=1&limit=20&status=pending","timestamp":"2026-03-19 14:37:16"}
{"level":"debug","message":"GET /api/transfer-requests?page=1&limit=20&status=pending","timestamp":"2026-03-19 14:37:16"}
{"level":"debug","message":"GET /api/repairs?page=1&limit=20&status=under_repair","timestamp":"2026-03-19 14:37:17"}
{"level":"debug","message":"GET /api/repairs?page=1&limit=20&status=under_repair","timestamp":"2026-03-19 14:37:17"}
{"level":"debug","message":"GET /api/returns?page=1&limit=20&status=pending","timestamp":"2026-03-19 14:37:18"}
{"level":"debug","message":"GET /api/returns?page=1&limit=20&status=pending","timestamp":"2026-03-19 14:37:18"}
{"level":"debug","message":"GET /api/returns?page=1&limit=20&status=approved","timestamp":"2026-03-19 14:37:19"}
{"level":"debug","message":"GET /api/returns?page=1&limit=20&status=rejected","timestamp":"2026-03-19 14:37:20"}
{"level":"debug","message":"GET /api/returns?page=1&limit=20&status=","timestamp":"2026-03-19 14:37:20"}
{"level":"debug","message":"GET /api/repairs?page=1&limit=20&status=under_repair","timestamp":"2026-03-19 14:37:22"}
{"level":"debug","message":"GET /api/repairs?page=1&limit=20&status=under_repair","timestamp":"2026-03-19 14:37:22"}
{"level":"debug","message":"GET /api/repairs?page=1&limit=20&status=","timestamp":"2026-03-19 14:37:22"}
{"level":"debug","message":"GET /api/facilities?limit=200","timestamp":"2026-03-19 14:37:25"}
{"level":"debug","message":"GET /api/facilities?limit=200","timestamp":"2026-03-19 14:37:25"}
{"level":"debug","message":"POST /api/repairs/3/reissue","timestamp":"2026-03-19 14:37:29"}
{"level":"debug","message":"GET /api/repairs?page=1&limit=20&status=","timestamp":"2026-03-19 14:37:29"}
{"level":"debug","message":"GET /api/counties","timestamp":"2026-03-19 14:37:30"}
{"level":"debug","message":"GET /api/counties","timestamp":"2026-03-19 14:37:31"}
{"level":"debug","message":"GET /api/devices?page=1&limit=20&search=&status=&countyId=","timestamp":"2026-03-19 14:37:31"}
{"level":"debug","message":"GET /api/devices/1","timestamp":"2026-03-19 14:37:32"}
{"level":"debug","message":"GET /api/devices/1","timestamp":"2026-03-19 14:37:33"}
{"level":"debug","message":"POST /api/auth/login","timestamp":"2026-03-19 14:37:40"}
{"level":"debug","message":"GET /api/dashboard","timestamp":"2026-03-19 14:37:41"}
{"level":"debug","message":"GET /api/dashboard","timestamp":"2026-03-19 14:37:41"}
{"level":"debug","message":"GET /api/counties","timestamp":"2026-03-19 14:37:43"}
{"level":"debug","message":"GET /api/devices?page=1&limit=20&search=&status=&countyId=","timestamp":"2026-03-19 14:37:44"}
{"level":"debug","message":"GET /api/counties","timestamp":"2026-03-19 14:37:44"}
{"level":"debug","message":"GET /api/devices/1","timestamp":"2026-03-19 14:37:45"}
{"level":"debug","message":"GET /api/devices/1","timestamp":"2026-03-19 14:37:45"}
{"level":"debug","message":"GET /api/admin-contacts","timestamp":"2026-03-19 14:37:50"}
{"level":"debug","message":"GET /api/admin-contacts","timestamp":"2026-03-19 14:37:50"}
{"level":"debug","message":"GET /api/dashboard","timestamp":"2026-03-19 14:40:54"}
{"level":"debug","message":"GET /api/dashboard","timestamp":"2026-03-19 14:40:54"}
{"level":"debug","message":"GET /api/counties","timestamp":"2026-03-19 14:40:56"}
{"level":"debug","message":"GET /api/counties","timestamp":"2026-03-19 14:40:57"}
{"level":"debug","message":"GET /api/devices?page=1&limit=20&search=&status=&countyId=","timestamp":"2026-03-19 14:40:57"}
{"level":"debug","message":"GET /api/devices/1","timestamp":"2026-03-19 14:41:02"}
{"level":"debug","message":"GET /api/devices/1","timestamp":"2026-03-19 14:41:03"}
{"level":"debug","message":"GET /api/admin-contacts","timestamp":"2026-03-19 14:41:07"}
{"level":"debug","message":"GET /api/admin-contacts","timestamp":"2026-03-19 14:41:07"}
{"level":"debug","message":"GET /api/admin-contacts","timestamp":"2026-03-19 14:41:14"}
{"level":"debug","message":"GET /api/admin-contacts","timestamp":"2026-03-19 14:41:15"}
{"level":"debug","message":"POST /api/auth/login","timestamp":"2026-03-19 14:41:30"}
{"level":"debug","message":"GET /api/dashboard","timestamp":"2026-03-19 14:41:31"}
{"level":"debug","message":"GET /api/dashboard","timestamp":"2026-03-19 14:41:32"}
{"level":"debug","message":"GET /api/counties","timestamp":"2026-03-19 14:41:32"}
{"level":"debug","message":"GET /api/counties","timestamp":"2026-03-19 14:41:32"}
{"level":"debug","message":"GET /api/facilities?page=1&limit=20&search=","timestamp":"2026-03-19 14:41:33"}
{"level":"info","message":"Database \"inventory\" ready","timestamp":"2026-03-19 14:49:46"}
{"level":"info","message":"Schema bootstrap complete","timestamp":"2026-03-19 14:49:46"}
{"level":"info","message":"🚀 Server on port 5000 [development]","timestamp":"2026-03-19 14:49:46"}
{"level":"info","message":"SMTP ready — nabel.wambulwa@vukisha95.org","timestamp":"2026-03-19 14:49:48"}
{"level":"info","message":"Database \"inventory\" ready","timestamp":"2026-03-19 14:50:12"}
{"level":"info","message":"Schema bootstrap complete","timestamp":"2026-03-19 14:50:12"}
{"level":"info","message":"🚀 Server on port 5000 [development]","timestamp":"2026-03-19 14:50:12"}
{"level":"info","message":"SMTP ready — nabel.wambulwa@vukisha95.org","timestamp":"2026-03-19 14:50:15"}
{"level":"info","message":"Database \"inventory\" ready","timestamp":"2026-03-19 14:50:30"}
{"level":"info","message":"Schema bootstrap complete","timestamp":"2026-03-19 14:50:30"}
{"level":"info","message":"🚀 Server on port 5000 [development]","timestamp":"2026-03-19 14:50:30"}
{"level":"info","message":"SMTP ready — nabel.wambulwa@vukisha95.org","timestamp":"2026-03-19 14:50:32"}
{"level":"debug","message":"GET /api/auth/me","timestamp":"2026-03-19 14:52:47"}
{"level":"debug","message":"GET /api/auth/me","timestamp":"2026-03-19 14:52:48"}
{"level":"debug","message":"GET /api/counties","timestamp":"2026-03-19 14:52:48"}
{"level":"debug","message":"GET /api/counties","timestamp":"2026-03-19 14:52:48"}
{"level":"debug","message":"GET /api/facilities?page=1&limit=20&search=","timestamp":"2026-03-19 14:52:49"}
{"level":"debug","message":"POST /api/auth/login","timestamp":"2026-03-19 14:52:52"}
{"level":"debug","message":"GET /api/dashboard","timestamp":"2026-03-19 14:52:53"}
{"level":"debug","message":"GET /api/dashboard","timestamp":"2026-03-19 14:52:54"}
{"level":"debug","message":"GET /api/counties","timestamp":"2026-03-19 14:52:55"}
{"level":"debug","message":"GET /api/counties","timestamp":"2026-03-19 14:52:55"}
{"level":"debug","message":"GET /api/facilities?page=1&limit=20&search=","timestamp":"2026-03-19 14:52:55"}
{"level":"debug","message":"POST /api/auth/login","timestamp":"2026-03-19 14:53:03"}
{"level":"debug","message":"GET /api/dashboard","timestamp":"2026-03-19 14:53:04"}
{"level":"debug","message":"GET /api/dashboard","timestamp":"2026-03-19 14:53:05"}
{"level":"debug","message":"GET /api/users?page=1&limit=20&search=","timestamp":"2026-03-19 14:53:07"}
{"level":"debug","message":"GET /api/counties","timestamp":"2026-03-19 14:53:10"}
{"level":"debug","message":"GET /api/counties","timestamp":"2026-03-19 14:53:11"}
{"level":"debug","message":"GET /api/counties/43/sub-counties","timestamp":"2026-03-19 14:53:13"}
{"level":"debug","message":"PATCH /api/users/2","timestamp":"2026-03-19 14:53:14"}
{"level":"debug","message":"GET /api/users?page=1&limit=20&search=","timestamp":"2026-03-19 14:53:14"}
{"level":"debug","message":"POST /api/auth/login","timestamp":"2026-03-19 14:53:20"}
{"level":"debug","message":"GET /api/dashboard","timestamp":"2026-03-19 14:53:22"}
{"level":"debug","message":"GET /api/dashboard","timestamp":"2026-03-19 14:53:22"}
{"level":"debug","message":"GET /api/counties","timestamp":"2026-03-19 14:53:23"}
{"level":"debug","message":"GET /api/counties","timestamp":"2026-03-19 14:53:24"}
{"level":"debug","message":"GET /api/facilities?page=1&limit=20&search=","timestamp":"2026-03-19 14:53:24"}
{"level":"info","message":"Database \"inventory\" ready","timestamp":"2026-03-21 10:09:00"}
{"level":"info","message":"Schema bootstrap complete","timestamp":"2026-03-21 10:09:00"}
{"level":"info","message":"🚀 Server on port 5000 [development]","timestamp":"2026-03-21 10:09:00"}
{"level":"info","message":"SMTP ready — nabel.wambulwa@vukisha95.org","timestamp":"2026-03-21 10:09:02"}
{"level":"debug","message":"GET /api/auth/me","timestamp":"2026-03-21 10:10:06"}
{"err":"jwt expired","ip":"127.0.0.1","level":"warn","message":"JWT failed","timestamp":"2026-03-21 10:10:06"}
{"level":"debug","message":"GET /favicon.ico","timestamp":"2026-03-21 10:10:06"}
{"level":"debug","message":"GET /api/auth/me","timestamp":"2026-03-21 10:10:06"}
{"err":"jwt expired","ip":"127.0.0.1","level":"warn","message":"JWT failed","timestamp":"2026-03-21 10:10:06"}
{"level":"debug","message":"GET /favicon.ico","timestamp":"2026-03-21 10:10:07"}
{"level":"debug","message":"GET /favicon.ico","timestamp":"2026-03-21 10:10:07"}
{"level":"debug","message":"POST /api/auth/login","timestamp":"2026-03-21 10:56:50"}
{"level":"debug","message":"GET /api/dashboard","timestamp":"2026-03-21 10:56:52"}
{"level":"debug","message":"GET /api/dashboard","timestamp":"2026-03-21 10:56:53"}
{"level":"debug","message":"GET /api/devices/1","timestamp":"2026-03-21 10:56:55"}
{"level":"debug","message":"GET /api/devices/1","timestamp":"2026-03-21 10:56:55"}
{"level":"debug","message":"GET /api/admin-contacts","timestamp":"2026-03-21 10:56:57"}
{"level":"debug","message":"GET /api/admin-contacts","timestamp":"2026-03-21 10:56:57"}
{"level":"debug","message":"GET /api/admin-contacts","timestamp":"2026-03-21 10:57:05"}
{"level":"debug","message":"GET /api/admin-contacts","timestamp":"2026-03-21 10:57:05"}
{"level":"debug","message":"POST /api/auth/login","timestamp":"2026-03-21 10:57:16"}
{"level":"debug","message":"GET /api/dashboard","timestamp":"2026-03-21 10:57:17"}
{"level":"debug","message":"GET /api/dashboard","timestamp":"2026-03-21 10:57:17"}
{"level":"debug","message":"GET /api/repairs?page=1&limit=20&status=pending","timestamp":"2026-03-21 10:57:19"}
{"level":"debug","message":"GET /api/repairs?page=1&limit=20&status=pending","timestamp":"2026-03-21 10:57:20"}
{"level":"debug","message":"POST /api/auth/login","timestamp":"2026-03-21 10:57:28"}
{"level":"debug","message":"POST /api/auth/login","timestamp":"2026-03-21 10:57:32"}
{"level":"debug","message":"GET /api/dashboard","timestamp":"2026-03-21 10:57:33"}
{"level":"debug","message":"GET /api/dashboard","timestamp":"2026-03-21 10:57:33"}
{"level":"debug","message":"GET /api/devices/1","timestamp":"2026-03-21 10:57:35"}
{"level":"debug","message":"GET /api/devices/1","timestamp":"2026-03-21 10:57:35"}
{"level":"debug","message":"GET /api/admin-contacts","timestamp":"2026-03-21 10:57:37"}
{"level":"debug","message":"GET /api/admin-contacts","timestamp":"2026-03-21 10:57:37"}
{"level":"debug","message":"POST /api/repairs","timestamp":"2026-03-21 10:57:41"}
{"level":"debug","message":"GET /api/devices/1","timestamp":"2026-03-21 10:57:41"}
{"level":"info","message":"Repair initiated email sent for device 1","timestamp":"2026-03-21 10:57:44"}
{"level":"debug","message":"POST /api/auth/login","timestamp":"2026-03-21 10:57:51"}
{"level":"debug","message":"GET /api/dashboard","timestamp":"2026-03-21 10:57:53"}
{"level":"debug","message":"GET /api/dashboard","timestamp":"2026-03-21 10:57:53"}
{"level":"debug","message":"GET /api/repairs?page=1&limit=20&status=pending","timestamp":"2026-03-21 10:57:55"}
{"level":"debug","message":"GET /api/repairs?page=1&limit=20&status=pending","timestamp":"2026-03-21 10:57:55"}
{"level":"info","message":"Database \"inventory\" ready","timestamp":"2026-03-21 11:01:45"}
{"level":"info","message":"Schema bootstrap complete","timestamp":"2026-03-21 11:01:45"}
{"level":"info","message":"🚀 Server on port 5000 [development]","timestamp":"2026-03-21 11:01:45"}
{"level":"info","message":"SMTP ready — nabel.wambulwa@vukisha95.org","timestamp":"2026-03-21 11:01:47"}
{"level":"info","message":"Database \"inventory\" ready","timestamp":"2026-03-21 11:04:10"}
{"level":"info","message":"Schema bootstrap complete","timestamp":"2026-03-21 11:04:11"}
{"level":"info","message":"🚀 Server on port 5000 [development]","timestamp":"2026-03-21 11:04:11"}
{"level":"info","message":"SMTP ready — nabel.wambulwa@vukisha95.org","timestamp":"2026-03-21 11:04:12"}
{"level":"info","message":"Database \"inventory\" ready","timestamp":"2026-03-21 11:04:54"}
{"level":"info","message":"Schema bootstrap complete","timestamp":"2026-03-21 11:04:54"}
{"level":"info","message":"🚀 Server on port 5000 [development]","timestamp":"2026-03-21 11:04:54"}
{"level":"info","message":"SMTP ready — nabel.wambulwa@vukisha95.org","timestamp":"2026-03-21 11:04:56"}
{"level":"debug","message":"GET /api/devices/1","timestamp":"2026-03-21 11:05:04"}
{"level":"debug","message":"GET /api/devices/1","timestamp":"2026-03-21 11:05:05"}
{"level":"debug","message":"GET /api/counties","timestamp":"2026-03-21 11:05:07"}
{"level":"debug","message":"GET /api/counties","timestamp":"2026-03-21 11:05:08"}
{"level":"debug","message":"GET /api/devices?page=1&limit=20&search=&status=&countyId=","timestamp":"2026-03-21 11:05:08"}
{"level":"debug","message":"GET /api/repairs?page=1&limit=20&status=pending","timestamp":"2026-03-21 11:05:10"}
{"level":"debug","message":"GET /api/repairs?page=1&limit=20&status=pending","timestamp":"2026-03-21 11:05:11"}
{"level":"debug","message":"GET /api/auth/me","timestamp":"2026-03-21 11:06:11"}
{"level":"debug","message":"GET /api/auth/me","timestamp":"2026-03-21 11:06:11"}
{"level":"debug","message":"GET /api/dashboard","timestamp":"2026-03-21 11:06:12"}
{"level":"debug","message":"GET /api/dashboard","timestamp":"2026-03-21 11:06:12"}
{"level":"info","message":"Database \"inventory\" ready","timestamp":"2026-03-21 11:07:56"}
{"level":"info","message":"Schema bootstrap complete","timestamp":"2026-03-21 11:07:57"}
{"level":"info","message":"🚀 Server on port 5000 [development]","timestamp":"2026-03-21 11:07:57"}
{"level":"info","message":"SMTP ready — nabel.wambulwa@vukisha95.org","timestamp":"2026-03-21 11:07:58"}
{"level":"debug","message":"GET /api/auth/me","timestamp":"2026-03-21 11:16:17"}
{"level":"debug","message":"GET /api/auth/me","timestamp":"2026-03-21 11:16:17"}
{"level":"debug","message":"GET /api/repairs?page=1&limit=20&status=pending","timestamp":"2026-03-21 11:16:18"}
{"level":"debug","message":"GET /api/repairs?page=1&limit=20&status=pending","timestamp":"2026-03-21 11:16:18"}
{"level":"debug","message":"GET /api/auth/me","timestamp":"2026-03-21 11:19:37"}
{"level":"debug","message":"GET /api/auth/me","timestamp":"2026-03-21 11:19:37"}
{"level":"debug","message":"GET /api/repairs?page=1&limit=20&status=pending","timestamp":"2026-03-21 11:19:38"}
{"level":"debug","message":"GET /api/repairs?page=1&limit=20&status=pending","timestamp":"2026-03-21 11:19:38"}
{"level":"debug","message":"GET /api/auth/me","timestamp":"2026-03-21 11:19:39"}
{"level":"debug","message":"GET /api/auth/me","timestamp":"2026-03-21 11:19:39"}
{"level":"debug","message":"GET /api/dashboard","timestamp":"2026-03-21 11:19:39"}
{"level":"debug","message":"GET /api/dashboard","timestamp":"2026-03-21 11:19:39"}
{"level":"debug","message":"GET /api/auth/me","timestamp":"2026-03-21 11:19:45"}
{"level":"debug","message":"GET /api/auth/me","timestamp":"2026-03-21 11:19:45"}
{"level":"debug","message":"GET /api/repairs?page=1&limit=20&status=pending","timestamp":"2026-03-21 11:19:45"}
{"level":"debug","message":"GET /api/repairs?page=1&limit=20&status=pending","timestamp":"2026-03-21 11:19:46"}
{"level":"debug","message":"POST /api/repairs/4/review","timestamp":"2026-03-21 11:19:51"}
{"level":"debug","message":"GET /api/repairs?page=1&limit=20&status=pending","timestamp":"2026-03-21 11:19:51"}
{"level":"debug","message":"GET /api/repairs?page=1&limit=20&status=reissued","timestamp":"2026-03-21 11:19:57"}
{"level":"debug","message":"GET /api/repairs?page=1&limit=20&status=repair_return_pending","timestamp":"2026-03-21 11:20:00"}
{"level":"debug","message":"GET /api/repairs?page=1&limit=20&status=under_repair","timestamp":"2026-03-21 11:20:01"}
{"level":"debug","message":"GET /api/repairs?page=1&limit=20&status=pending","timestamp":"2026-03-21 11:20:02"}
{"level":"debug","message":"GET /api/repairs?page=1&limit=20&status=","timestamp":"2026-03-21 11:20:03"}
{"level":"debug","message":"GET /api/auth/me","timestamp":"2026-03-21 11:23:32"}
{"level":"debug","message":"GET /api/auth/me","timestamp":"2026-03-21 11:23:32"}
{"level":"debug","message":"GET /api/dashboard","timestamp":"2026-03-21 11:23:32"}
{"level":"debug","message":"GET /api/dashboard","timestamp":"2026-03-21 11:23:32"}
{"level":"debug","message":"GET /api/counties","timestamp":"2026-03-21 11:23:51"}
{"level":"debug","message":"GET /api/counties","timestamp":"2026-03-21 11:23:51"}
{"level":"debug","message":"GET /api/facilities?page=1&limit=20&search=","timestamp":"2026-03-21 11:23:52"}
{"level":"debug","message":"POST /api/auth/login","timestamp":"2026-03-21 11:24:03"}
{"level":"debug","message":"GET /api/dashboard","timestamp":"2026-03-21 11:24:04"}
{"level":"debug","message":"GET /api/dashboard","timestamp":"2026-03-21 11:24:04"}
{"level":"debug","message":"GET /api/counties","timestamp":"2026-03-21 11:24:08"}
{"level":"debug","message":"GET /api/counties","timestamp":"2026-03-21 11:24:08"}
{"level":"debug","message":"GET /api/devices?page=1&limit=20&search=&status=&countyId=","timestamp":"2026-03-21 11:24:09"}
{"level":"debug","message":"GET /api/devices/1","timestamp":"2026-03-21 11:24:12"}
{"level":"debug","message":"GET /api/devices/1","timestamp":"2026-03-21 11:24:13"}
{"level":"debug","message":"POST /api/devices/1/verify","timestamp":"2026-03-21 11:24:25"}
{"level":"debug","message":"POST /api/devices/1/report-lost","timestamp":"2026-03-21 11:24:37"}
{"level":"debug","message":"GET /api/devices/1","timestamp":"2026-03-21 11:24:37"}
{"level":"info","message":"Lost device alert sent for device 1","timestamp":"2026-03-21 11:24:40"}
{"level":"debug","message":"POST /api/auth/login","timestamp":"2026-03-21 11:24:48"}
{"level":"debug","message":"GET /api/dashboard","timestamp":"2026-03-21 11:24:49"}
{"level":"debug","message":"GET /api/dashboard","timestamp":"2026-03-21 11:24:50"}
{"level":"debug","message":"GET /api/returns?page=1&limit=20&status=pending","timestamp":"2026-03-21 11:24:57"}
{"level":"debug","message":"GET /api/returns?page=1&limit=20&status=pending","timestamp":"2026-03-21 11:24:57"}
{"level":"debug","message":"GET /api/returns?page=1&limit=20&status=","timestamp":"2026-03-21 11:25:00"}
{"level":"debug","message":"GET /api/repairs?page=1&limit=20&status=pending","timestamp":"2026-03-21 11:25:02"}
{"level":"debug","message":"GET /api/repairs?page=1&limit=20&status=pending","timestamp":"2026-03-21 11:25:02"}
{"level":"debug","message":"GET /api/transfer-requests?page=1&limit=20&status=pending","timestamp":"2026-03-21 11:25:03"}
{"level":"debug","message":"GET /api/transfer-requests?page=1&limit=20&status=pending","timestamp":"2026-03-21 11:25:04"}
{"level":"debug","message":"GET /api/sims?page=1&limit=20&search=","timestamp":"2026-03-21 11:25:05"}
{"level":"debug","message":"GET /api/admin-contacts?search=&includeInactive=true","timestamp":"2026-03-21 11:25:08"}
{"level":"debug","message":"GET /api/admin-contacts/cadres","timestamp":"2026-03-21 11:25:08"}
{"level":"debug","message":"GET /api/users?page=1&limit=20&search=","timestamp":"2026-03-21 11:25:10"}
{"level":"info","message":"Database \"inventory\" ready","timestamp":"2026-03-21 11:34:44"}
{"level":"info","message":"Schema bootstrap complete","timestamp":"2026-03-21 11:34:45"}
{"level":"info","message":"🚀 Server on port 5000 [development]","timestamp":"2026-03-21 11:34:45"}
{"level":"info","message":"SMTP ready — nabel.wambulwa@vukisha95.org","timestamp":"2026-03-21 11:34:46"}
{"level":"debug","message":"GET /api/dashboard","timestamp":"2026-03-21 11:35:05"}
{"level":"debug","message":"GET /api/counties","timestamp":"2026-03-21 11:35:05"}
{"level":"debug","message":"GET /api/dashboard","timestamp":"2026-03-21 11:35:05"}
{"level":"debug","message":"GET /api/devices?page=1&limit=20&search=&status=&countyId=","timestamp":"2026-03-21 11:35:05"}
{"level":"debug","message":"GET /api/counties","timestamp":"2026-03-21 11:35:06"}
{"level":"debug","message":"GET /api/counties","timestamp":"2026-03-21 11:35:08"}
{"level":"debug","message":"GET /api/affiliations","timestamp":"2026-03-21 11:35:08"}
{"level":"debug","message":"GET /api/facilities?limit=500","timestamp":"2026-03-21 11:35:08"}
{"level":"debug","message":"GET /api/counties","timestamp":"2026-03-21 11:35:08"}
{"level":"debug","message":"GET /api/affiliations","timestamp":"2026-03-21 11:35:09"}
{"level":"debug","message":"GET /api/facilities?limit=500","timestamp":"2026-03-21 11:35:09"}
{"level":"debug","message":"GET /api/counties","timestamp":"2026-03-21 11:35:58"}
{"level":"debug","message":"GET /api/affiliations","timestamp":"2026-03-21 11:35:58"}
{"level":"debug","message":"GET /api/facilities?limit=500","timestamp":"2026-03-21 11:35:58"}
{"level":"debug","message":"GET /api/counties","timestamp":"2026-03-21 11:35:58"}
{"level":"debug","message":"GET /api/affiliations","timestamp":"2026-03-21 11:35:58"}
{"level":"debug","message":"GET /api/facilities?limit=500","timestamp":"2026-03-21 11:35:58"}
{"level":"debug","message":"POST /api/devices","timestamp":"2026-03-21 11:36:48"}
{"level":"debug","message":"GET /api/devices?page=1&limit=20&search=&status=&countyId=","timestamp":"2026-03-21 11:36:48"}
{"level":"debug","message":"GET /api/dashboard","timestamp":"2026-03-21 11:36:54"}
{"level":"debug","message":"GET /api/dashboard","timestamp":"2026-03-21 11:36:54"}
{"level":"debug","message":"GET /api/verifications?page=1&limit=20&year=","timestamp":"2026-03-21 11:49:58"}
{"level":"debug","message":"GET /api/verifications?page=1&limit=20&year=","timestamp":"2026-03-21 11:49:58"}
{"level":"debug","message":"GET /api/devices/unverified?page=1&limit=20","timestamp":"2026-03-21 11:50:06"}
{"level":"debug","message":"GET /api/devices/3","timestamp":"2026-03-21 11:50:06"}
{"level":"debug","message":"GET /api/devices/3","timestamp":"2026-03-21 11:50:07"}
{"level":"debug","message":"GET /api/counties","timestamp":"2026-03-21 11:50:16"}
{"level":"debug","message":"GET /api/devices?page=1&limit=20&search=&status=&countyId=","timestamp":"2026-03-21 11:50:17"}
{"level":"debug","message":"GET /api/counties","timestamp":"2026-03-21 11:50:17"}
{"level":"debug","message":"GET /api/verifications?page=1&limit=20&year=","timestamp":"2026-03-21 11:50:26"}
{"level":"debug","message":"GET /api/devices/unverified?page=1&limit=20","timestamp":"2026-03-21 11:50:26"}
{"level":"debug","message":"GET /api/verifications?page=1&limit=20&year=","timestamp":"2026-03-21 11:50:27"}
{"level":"debug","message":"GET /api/verifications?page=1&limit=20&year=","timestamp":"2026-03-21 11:50:28"}
{"level":"debug","message":"GET /api/devices/unverified?page=1&limit=20","timestamp":"2026-03-21 11:50:31"}
{"level":"debug","message":"GET /api/counties","timestamp":"2026-03-21 11:50:34"}
{"level":"debug","message":"GET /api/counties","timestamp":"2026-03-21 11:50:35"}
{"level":"debug","message":"GET /api/devices?page=1&limit=20&search=&status=&countyId=","timestamp":"2026-03-21 11:50:35"}
{"level":"debug","message":"GET /api/devices/2","timestamp":"2026-03-21 11:50:37"}
{"level":"debug","message":"GET /api/devices/2","timestamp":"2026-03-21 11:50:37"}
{"level":"debug","message":"GET /api/counties","timestamp":"2026-03-21 11:50:44"}
{"level":"debug","message":"GET /api/counties","timestamp":"2026-03-21 11:50:44"}
{"level":"debug","message":"GET /api/devices?page=1&limit=20&search=&status=&countyId=","timestamp":"2026-03-21 11:50:44"}
{"level":"debug","message":"GET /api/counties","timestamp":"2026-03-21 11:50:46"}
{"level":"debug","message":"GET /api/affiliations","timestamp":"2026-03-21 11:50:46"}
{"level":"debug","message":"GET /api/facilities?limit=500","timestamp":"2026-03-21 11:50:46"}
{"level":"debug","message":"GET /api/counties","timestamp":"2026-03-21 11:50:46"}
{"level":"debug","message":"GET /api/affiliations","timestamp":"2026-03-21 11:50:46"}
{"level":"debug","message":"GET /api/facilities?limit=500","timestamp":"2026-03-21 11:50:46"}
{"level":"info","message":"Database \"inventory\" ready","timestamp":"2026-03-21 12:22:13"}
{"level":"info","message":"Schema bootstrap complete","timestamp":"2026-03-21 12:22:13"}
{"level":"info","message":"🚀 Server on port 5000 [development]","timestamp":"2026-03-21 12:22:13"}
{"level":"info","message":"SMTP ready — nabel.wambulwa@vukisha95.org","timestamp":"2026-03-21 12:22:14"}
{"level":"debug","message":"GET /api/dashboard","timestamp":"2026-03-21 12:38:08"}
{"level":"debug","message":"GET /api/dashboard","timestamp":"2026-03-21 12:38:08"}
{"level":"debug","message":"GET /api/auth/me","timestamp":"2026-03-21 12:38:25"}
{"level":"debug","message":"GET /api/auth/me","timestamp":"2026-03-21 12:38:25"}
{"level":"debug","message":"GET /api/dashboard","timestamp":"2026-03-21 12:38:25"}
{"level":"debug","message":"GET /api/dashboard","timestamp":"2026-03-21 12:38:25"}
{"level":"debug","message":"GET /api/devices/2","timestamp":"2026-03-21 12:38:31"}
{"level":"debug","message":"GET /api/devices/2","timestamp":"2026-03-21 12:38:31"}
{"level":"debug","message":"POST /api/devices/2/verify","timestamp":"2026-03-21 12:38:36"}
{"level":"debug","message":"GET /api/devices/2","timestamp":"2026-03-21 12:38:36"}
{"level":"debug","message":"GET /api/dashboard","timestamp":"2026-03-21 12:38:38"}
{"level":"debug","message":"GET /api/dashboard","timestamp":"2026-03-21 12:38:39"}
{"level":"debug","message":"GET /api/verifications?page=1&limit=20&year=","timestamp":"2026-03-21 12:42:55"}
{"level":"debug","message":"GET /api/verifications?page=1&limit=20&year=","timestamp":"2026-03-21 12:42:55"}
{"level":"debug","message":"GET /api/devices/unverified?page=1&limit=20","timestamp":"2026-03-21 12:42:57"}
{"level":"debug","message":"GET /api/verifications?page=1&limit=20&year=","timestamp":"2026-03-21 12:43:00"}
{"level":"info","message":"Database \"inventory\" ready","timestamp":"2026-03-21 12:52:48"}
{"level":"info","message":"Database \"inventory\" ready","timestamp":"2026-03-21 12:52:49"}
{"level":"info","message":"Schema bootstrap complete","timestamp":"2026-03-21 12:52:49"}
{"level":"info","message":"🚀 Server on port 5000 [development]","timestamp":"2026-03-21 12:52:49"}
{"level":"info","message":"SMTP ready — nabel.wambulwa@vukisha95.org","timestamp":"2026-03-21 12:52:51"}
{"level":"debug","message":"GET /api/dashboard","timestamp":"2026-03-21 12:52:53"}
{"level":"error","message":"Unhandled error Unknown column 'v.device_id' in 'field list'","stack":"Error: Unknown column 'v.device_id' in 'field list'\n    at PromisePool.query (C:\\Users\\nwambulwa\\OneDrive\\Projects\\Tabtrack\\backend_inventory_manager\\node_modules\\mysql2\\lib\\promise\\pool.js:36:22)\n    at Object.query (C:\\Users\\nwambulwa\\OneDrive\\Projects\\Tabtrack\\backend_inventory_manager\\src\\config\\db.js:23:42)\n    at Object.getDashboardStats (C:\\Users\\nwambulwa\\OneDrive\\Projects\\Tabtrack\\backend_inventory_manager\\src\\models\\device.model.js:413:38)\n    at process.processTicksAndRejections (node:internal/process/task_queues:95:5)\n    at async dashboard (C:\\Users\\nwambulwa\\OneDrive\\Projects\\Tabtrack\\backend_inventory_manager\\src\\controllers\\index.js:411:22)","timestamp":"2026-03-21 12:52:53","url":"/api/dashboard"}
{"level":"debug","message":"GET /api/dashboard","timestamp":"2026-03-21 12:52:53"}
{"level":"error","message":"Unhandled error Unknown column 'v.device_id' in 'field list'","stack":"Error: Unknown column 'v.device_id' in 'field list'\n    at PromisePool.query (C:\\Users\\nwambulwa\\OneDrive\\Projects\\Tabtrack\\backend_inventory_manager\\node_modules\\mysql2\\lib\\promise\\pool.js:36:22)\n    at Object.query (C:\\Users\\nwambulwa\\OneDrive\\Projects\\Tabtrack\\backend_inventory_manager\\src\\config\\db.js:23:42)\n    at Object.getDashboardStats (C:\\Users\\nwambulwa\\OneDrive\\Projects\\Tabtrack\\backend_inventory_manager\\src\\models\\device.model.js:413:38)\n    at process.processTicksAndRejections (node:internal/process/task_queues:95:5)\n    at async dashboard (C:\\Users\\nwambulwa\\OneDrive\\Projects\\Tabtrack\\backend_inventory_manager\\src\\controllers\\index.js:411:22)","timestamp":"2026-03-21 12:52:53","url":"/api/dashboard"}
{"level":"debug","message":"GET /api/auth/me","timestamp":"2026-03-21 12:52:58"}
{"level":"debug","message":"GET /api/auth/me","timestamp":"2026-03-21 12:52:58"}
{"level":"debug","message":"GET /api/dashboard","timestamp":"2026-03-21 12:52:59"}
{"level":"error","message":"Unhandled error Unknown column 'v.device_id' in 'field list'","stack":"Error: Unknown column 'v.device_id' in 'field list'\n    at PromisePool.query (C:\\Users\\nwambulwa\\OneDrive\\Projects\\Tabtrack\\backend_inventory_manager\\node_modules\\mysql2\\lib\\promise\\pool.js:36:22)\n    at Object.query (C:\\Users\\nwambulwa\\OneDrive\\Projects\\Tabtrack\\backend_inventory_manager\\src\\config\\db.js:23:42)\n    at Object.getDashboardStats (C:\\Users\\nwambulwa\\OneDrive\\Projects\\Tabtrack\\backend_inventory_manager\\src\\models\\device.model.js:413:38)\n    at process.processTicksAndRejections (node:internal/process/task_queues:95:5)\n    at async dashboard (C:\\Users\\nwambulwa\\OneDrive\\Projects\\Tabtrack\\backend_inventory_manager\\src\\controllers\\index.js:411:22)","timestamp":"2026-03-21 12:52:59","url":"/api/dashboard"}
{"level":"debug","message":"GET /api/dashboard","timestamp":"2026-03-21 12:52:59"}
{"level":"error","message":"Unhandled error Unknown column 'v.device_id' in 'field list'","stack":"Error: Unknown column 'v.device_id' in 'field list'\n    at PromisePool.query (C:\\Users\\nwambulwa\\OneDrive\\Projects\\Tabtrack\\backend_inventory_manager\\node_modules\\mysql2\\lib\\promise\\pool.js:36:22)\n    at Object.query (C:\\Users\\nwambulwa\\OneDrive\\Projects\\Tabtrack\\backend_inventory_manager\\src\\config\\db.js:23:42)\n    at Object.getDashboardStats (C:\\Users\\nwambulwa\\OneDrive\\Projects\\Tabtrack\\backend_inventory_manager\\src\\models\\device.model.js:413:38)\n    at process.processTicksAndRejections (node:internal/process/task_queues:95:5)\n    at async dashboard (C:\\Users\\nwambulwa\\OneDrive\\Projects\\Tabtrack\\backend_inventory_manager\\src\\controllers\\index.js:411:22)","timestamp":"2026-03-21 12:52:59","url":"/api/dashboard"}
{"level":"debug","message":"GET /api/auth/me","timestamp":"2026-03-21 13:22:53"}
{"level":"debug","message":"GET /api/auth/me","timestamp":"2026-03-21 13:22:53"}
{"level":"debug","message":"GET /api/dashboard","timestamp":"2026-03-21 13:22:53"}
{"level":"error","message":"Unhandled error Unknown column 'v.device_id' in 'field list'","stack":"Error: Unknown column 'v.device_id' in 'field list'\n    at PromisePool.query (C:\\Users\\nwambulwa\\OneDrive\\Projects\\Tabtrack\\backend_inventory_manager\\node_modules\\mysql2\\lib\\promise\\pool.js:36:22)\n    at Object.query (C:\\Users\\nwambulwa\\OneDrive\\Projects\\Tabtrack\\backend_inventory_manager\\src\\config\\db.js:23:42)\n    at Object.getDashboardStats (C:\\Users\\nwambulwa\\OneDrive\\Projects\\Tabtrack\\backend_inventory_manager\\src\\models\\device.model.js:413:38)\n    at process.processTicksAndRejections (node:internal/process/task_queues:95:5)\n    at async dashboard (C:\\Users\\nwambulwa\\OneDrive\\Projects\\Tabtrack\\backend_inventory_manager\\src\\controllers\\index.js:411:22)","timestamp":"2026-03-21 13:22:53","url":"/api/dashboard"}
{"level":"debug","message":"GET /api/dashboard","timestamp":"2026-03-21 13:22:54"}
{"level":"error","message":"Unhandled error Unknown column 'v.device_id' in 'field list'","stack":"Error: Unknown column 'v.device_id' in 'field list'\n    at PromisePool.query (C:\\Users\\nwambulwa\\OneDrive\\Projects\\Tabtrack\\backend_inventory_manager\\node_modules\\mysql2\\lib\\promise\\pool.js:36:22)\n    at Object.query (C:\\Users\\nwambulwa\\OneDrive\\Projects\\Tabtrack\\backend_inventory_manager\\src\\config\\db.js:23:42)\n    at Object.getDashboardStats (C:\\Users\\nwambulwa\\OneDrive\\Projects\\Tabtrack\\backend_inventory_manager\\src\\models\\device.model.js:413:38)\n    at process.processTicksAndRejections (node:internal/process/task_queues:95:5)\n    at async dashboard (C:\\Users\\nwambulwa\\OneDrive\\Projects\\Tabtrack\\backend_inventory_manager\\src\\controllers\\index.js:411:22)","timestamp":"2026-03-21 13:22:54","url":"/api/dashboard"}
{"level":"info","message":"Database \"inventory\" ready","timestamp":"2026-03-21 13:23:22"}
{"level":"info","message":"Schema bootstrap complete","timestamp":"2026-03-21 13:23:22"}
{"level":"info","message":"🚀 Server on port 5000 [development]","timestamp":"2026-03-21 13:23:22"}
{"level":"info","message":"SMTP ready — nabel.wambulwa@vukisha95.org","timestamp":"2026-03-21 13:23:23"}
{"level":"info","message":"Database \"inventory\" ready","timestamp":"2026-03-21 13:28:58"}
{"level":"info","message":"Schema bootstrap complete","timestamp":"2026-03-21 13:28:58"}
{"level":"info","message":"🚀 Server on port 5000 [development]","timestamp":"2026-03-21 13:28:58"}
{"level":"info","message":"SMTP ready — nabel.wambulwa@vukisha95.org","timestamp":"2026-03-21 13:29:00"}
{"level":"info","message":"Database \"inventory\" ready","timestamp":"2026-03-21 13:29:03"}
{"level":"info","message":"Schema bootstrap complete","timestamp":"2026-03-21 13:29:03"}
{"level":"info","message":"🚀 Server on port 5000 [development]","timestamp":"2026-03-21 13:29:03"}
{"level":"info","message":"SMTP ready — nabel.wambulwa@vukisha95.org","timestamp":"2026-03-21 13:29:04"}
{"level":"info","message":"Database \"inventory\" ready","timestamp":"2026-03-21 13:29:38"}
{"level":"info","message":"Schema bootstrap complete","timestamp":"2026-03-21 13:29:39"}
{"level":"info","message":"🚀 Server on port 5000 [development]","timestamp":"2026-03-21 13:29:39"}
{"level":"info","message":"SMTP ready — nabel.wambulwa@vukisha95.org","timestamp":"2026-03-21 13:29:40"}
{"level":"info","message":"Database \"inventory\" ready","timestamp":"2026-03-21 13:32:19"}
{"level":"info","message":"Schema bootstrap complete","timestamp":"2026-03-21 13:32:19"}
{"level":"info","message":"🚀 Server on port 5000 [development]","timestamp":"2026-03-21 13:32:19"}
{"level":"info","message":"SMTP ready — nabel.wambulwa@vukisha95.org","timestamp":"2026-03-21 13:32:21"}
{"level":"debug","message":"GET /api/auth/me","timestamp":"2026-03-21 13:32:50"}
{"level":"debug","message":"GET /api/auth/me","timestamp":"2026-03-21 13:32:50"}
{"level":"debug","message":"GET /api/dashboard","timestamp":"2026-03-21 13:32:50"}
{"level":"debug","message":"GET /api/dashboard","timestamp":"2026-03-21 13:32:50"}
{"level":"info","message":"Database \"inventory\" ready","timestamp":"2026-03-26 07:46:42"}
{"level":"info","message":"Schema bootstrap complete","timestamp":"2026-03-26 07:46:42"}
{"level":"info","message":"🚀 Server on port 5000 [development]","timestamp":"2026-03-26 07:46:42"}
{"level":"info","message":"SMTP ready — nabel.wambulwa@vukisha95.org","timestamp":"2026-03-26 07:46:43"}
{"level":"debug","message":"GET /api/auth/me","timestamp":"2026-03-26 07:47:02"}
{"err":"jwt expired","ip":"127.0.0.1","level":"warn","message":"JWT failed","timestamp":"2026-03-26 07:47:02"}
{"level":"debug","message":"GET /favicon.ico","timestamp":"2026-03-26 07:47:02"}
{"level":"debug","message":"GET /api/auth/me","timestamp":"2026-03-26 07:47:02"}
{"err":"jwt expired","ip":"127.0.0.1","level":"warn","message":"JWT failed","timestamp":"2026-03-26 07:47:02"}
{"level":"debug","message":"GET /favicon.ico","timestamp":"2026-03-26 07:47:03"}
{"level":"debug","message":"POST /api/auth/login","timestamp":"2026-03-26 07:47:06"}
{"level":"debug","message":"GET /api/dashboard","timestamp":"2026-03-26 07:47:07"}
{"level":"debug","message":"GET /api/dashboard","timestamp":"2026-03-26 07:47:07"}
{"level":"debug","message":"GET /api/devices/2","timestamp":"2026-03-26 07:47:12"}
{"level":"debug","message":"GET /api/devices/2","timestamp":"2026-03-26 07:47:12"}
{"level":"debug","message":"GET /api/counties","timestamp":"2026-03-26 07:47:15"}
{"level":"debug","message":"GET /api/affiliations","timestamp":"2026-03-26 07:47:15"}
{"level":"debug","message":"GET /api/facilities?limit=500","timestamp":"2026-03-26 07:47:15"}
{"level":"debug","message":"GET /api/counties","timestamp":"2026-03-26 07:47:15"}
{"level":"debug","message":"GET /api/affiliations","timestamp":"2026-03-26 07:47:15"}
{"level":"debug","message":"GET /api/facilities?limit=500","timestamp":"2026-03-26 07:47:15"}
{"level":"debug","message":"PATCH /api/devices/2","timestamp":"2026-03-26 07:47:19"}
{"level":"debug","message":"GET /api/devices/2","timestamp":"2026-03-26 07:47:19"}
{"level":"debug","message":"GET /api/counties","timestamp":"2026-03-26 07:48:27"}
{"level":"debug","message":"GET /api/counties","timestamp":"2026-03-26 07:48:27"}
{"level":"debug","message":"GET /api/devices?page=1&limit=20&search=&status=&countyId=","timestamp":"2026-03-26 07:48:27"}
{"level":"debug","message":"GET /api/counties","timestamp":"2026-03-26 07:48:29"}
{"level":"debug","message":"GET /api/affiliations","timestamp":"2026-03-26 07:48:29"}
{"level":"debug","message":"GET /api/facilities?limit=500","timestamp":"2026-03-26 07:48:29"}
{"level":"debug","message":"GET /api/counties","timestamp":"2026-03-26 07:48:29"}
{"level":"debug","message":"GET /api/affiliations","timestamp":"2026-03-26 07:48:29"}
{"level":"debug","message":"GET /api/facilities?limit=500","timestamp":"2026-03-26 07:48:29"}
{"level":"debug","message":"PATCH /api/devices/2","timestamp":"2026-03-26 07:48:34"}
{"level":"debug","message":"GET /api/devices?page=1&limit=20&search=&status=&countyId=","timestamp":"2026-03-26 07:48:34"}
{"level":"debug","message":"GET /api/affiliations","timestamp":"2026-03-26 08:15:57"}
{"level":"debug","message":"GET /api/counties","timestamp":"2026-03-26 08:15:57"}
{"level":"debug","message":"GET /api/facilities?limit=500","timestamp":"2026-03-26 08:15:57"}
{"level":"debug","message":"GET /api/affiliations","timestamp":"2026-03-26 08:15:58"}
{"level":"debug","message":"GET /api/counties","timestamp":"2026-03-26 08:15:58"}
{"level":"debug","message":"GET /api/facilities?limit=500","timestamp":"2026-03-26 08:15:58"}
{"level":"debug","message":"PATCH /api/devices/2","timestamp":"2026-03-26 08:16:03"}
{"level":"debug","message":"GET /api/devices?page=1&limit=20&search=&status=&countyId=","timestamp":"2026-03-26 08:16:03"}
{"level":"debug","message":"GET /api/counties","timestamp":"2026-03-26 08:16:08"}
{"level":"debug","message":"GET /api/affiliations","timestamp":"2026-03-26 08:16:08"}
{"level":"debug","message":"GET /api/facilities?limit=500","timestamp":"2026-03-26 08:16:08"}
{"level":"debug","message":"GET /api/counties","timestamp":"2026-03-26 08:16:08"}
{"level":"debug","message":"GET /api/affiliations","timestamp":"2026-03-26 08:16:09"}
{"level":"debug","message":"GET /api/facilities?limit=500","timestamp":"2026-03-26 08:16:09"}
{"level":"debug","message":"PATCH /api/devices/2","timestamp":"2026-03-26 08:16:12"}
{"level":"debug","message":"GET /api/devices?page=1&limit=20&search=&status=&countyId=","timestamp":"2026-03-26 08:16:12"}
{"level":"info","message":"Database \"inventory\" ready","timestamp":"2026-03-26 08:17:48"}
{"level":"info","message":"Schema bootstrap complete","timestamp":"2026-03-26 08:17:48"}
{"level":"info","message":"🚀 Server on port 5000 [development]","timestamp":"2026-03-26 08:17:48"}
{"level":"info","message":"SMTP ready — nabel.wambulwa@vukisha95.org","timestamp":"2026-03-26 08:17:56"}
{"level":"info","message":"Database \"inventory\" ready","timestamp":"2026-03-26 08:18:06"}
{"level":"info","message":"Schema bootstrap complete","timestamp":"2026-03-26 08:18:06"}
{"level":"info","message":"🚀 Server on port 5000 [development]","timestamp":"2026-03-26 08:18:06"}
{"level":"info","message":"SMTP ready — nabel.wambulwa@vukisha95.org","timestamp":"2026-03-26 08:18:24"}
{"level":"debug","message":"GET /api/counties","timestamp":"2026-03-26 08:43:06"}
{"level":"debug","message":"GET /api/affiliations","timestamp":"2026-03-26 08:43:06"}
{"level":"debug","message":"GET /api/facilities?limit=500","timestamp":"2026-03-26 08:43:06"}
{"level":"debug","message":"GET /api/counties","timestamp":"2026-03-26 08:43:07"}
{"level":"debug","message":"GET /api/affiliations","timestamp":"2026-03-26 08:43:07"}
{"level":"debug","message":"GET /api/facilities?limit=500","timestamp":"2026-03-26 08:43:07"}
{"level":"debug","message":"PATCH /api/devices/2","timestamp":"2026-03-26 08:43:16"}
{"level":"debug","message":"GET /api/devices?page=1&limit=20&search=&status=&countyId=","timestamp":"2026-03-26 08:43:16"}
{"level":"debug","message":"GET /api/counties","timestamp":"2026-03-26 08:43:19"}
{"level":"debug","message":"GET /api/affiliations","timestamp":"2026-03-26 08:43:19"}
{"level":"debug","message":"GET /api/facilities?limit=500","timestamp":"2026-03-26 08:43:19"}
{"level":"debug","message":"GET /api/counties","timestamp":"2026-03-26 08:43:19"}
{"level":"debug","message":"GET /api/affiliations","timestamp":"2026-03-26 08:43:19"}
{"level":"debug","message":"GET /api/facilities?limit=500","timestamp":"2026-03-26 08:43:19"}
{"level":"debug","message":"PATCH /api/devices/2","timestamp":"2026-03-26 08:43:25"}
{"level":"debug","message":"GET /api/devices?page=1&limit=20&search=&status=&countyId=","timestamp":"2026-03-26 08:43:26"}
{"level":"debug","message":"GET /api/devices/2","timestamp":"2026-03-26 08:43:28"}
{"level":"debug","message":"GET /api/devices/2","timestamp":"2026-03-26 08:43:28"}
{"level":"debug","message":"GET /api/counties","timestamp":"2026-03-26 08:43:33"}
{"level":"debug","message":"GET /api/affiliations","timestamp":"2026-03-26 08:43:33"}
{"level":"debug","message":"GET /api/facilities?limit=500","timestamp":"2026-03-26 08:43:33"}
{"level":"debug","message":"GET /api/counties","timestamp":"2026-03-26 08:43:33"}
{"level":"debug","message":"GET /api/affiliations","timestamp":"2026-03-26 08:43:33"}
{"level":"debug","message":"GET /api/facilities?limit=500","timestamp":"2026-03-26 08:43:33"}
{"level":"debug","message":"GET /api/counties","timestamp":"2026-03-26 08:50:52"}
{"level":"debug","message":"GET /api/affiliations","timestamp":"2026-03-26 08:50:52"}
{"level":"debug","message":"GET /api/facilities?limit=500","timestamp":"2026-03-26 08:50:52"}
{"level":"debug","message":"GET /api/counties","timestamp":"2026-03-26 08:50:52"}
{"level":"debug","message":"GET /api/affiliations","timestamp":"2026-03-26 08:50:52"}
{"level":"debug","message":"GET /api/facilities?limit=500","timestamp":"2026-03-26 08:50:52"}
{"level":"debug","message":"GET /api/counties","timestamp":"2026-03-26 08:50:58"}
{"level":"debug","message":"GET /api/affiliations","timestamp":"2026-03-26 08:50:58"}
{"level":"debug","message":"GET /api/facilities?limit=500","timestamp":"2026-03-26 08:50:58"}
{"level":"debug","message":"GET /api/counties","timestamp":"2026-03-26 08:50:59"}
{"level":"debug","message":"GET /api/affiliations","timestamp":"2026-03-26 08:50:59"}
{"level":"debug","message":"GET /api/facilities?limit=500","timestamp":"2026-03-26 08:50:59"}
{"level":"debug","message":"GET /api/counties","timestamp":"2026-03-26 08:51:11"}
{"level":"debug","message":"GET /api/affiliations","timestamp":"2026-03-26 08:51:11"}
{"level":"debug","message":"GET /api/facilities?limit=500","timestamp":"2026-03-26 08:51:11"}
{"level":"debug","message":"GET /api/affiliations","timestamp":"2026-03-26 08:51:11"}
{"level":"debug","message":"GET /api/counties","timestamp":"2026-03-26 08:51:11"}
{"level":"debug","message":"GET /api/facilities?limit=500","timestamp":"2026-03-26 08:51:12"}
{"level":"debug","message":"GET /api/counties","timestamp":"2026-03-26 08:53:10"}
{"level":"debug","message":"GET /api/affiliations","timestamp":"2026-03-26 08:53:10"}
{"level":"debug","message":"GET /api/facilities?limit=500","timestamp":"2026-03-26 08:53:10"}
{"level":"debug","message":"GET /api/counties","timestamp":"2026-03-26 08:53:10"}
{"level":"debug","message":"GET /api/affiliations","timestamp":"2026-03-26 08:53:10"}
{"level":"debug","message":"GET /api/facilities?limit=500","timestamp":"2026-03-26 08:53:10"}
{"level":"debug","message":"GET /api/counties","timestamp":"2026-03-26 08:54:41"}
{"level":"debug","message":"GET /api/affiliations","timestamp":"2026-03-26 08:54:41"}
{"level":"debug","message":"GET /api/facilities?limit=500","timestamp":"2026-03-26 08:54:41"}
{"level":"debug","message":"GET /api/counties","timestamp":"2026-03-26 08:54:41"}
{"level":"debug","message":"GET /api/affiliations","timestamp":"2026-03-26 08:54:41"}
{"level":"debug","message":"GET /api/facilities?limit=500","timestamp":"2026-03-26 08:54:41"}
{"level":"debug","message":"GET /api/admin-contacts","timestamp":"2026-03-26 09:28:25"}
{"level":"debug","message":"GET /api/admin-contacts","timestamp":"2026-03-26 09:28:25"}
{"level":"debug","message":"POST /api/auth/login","timestamp":"2026-03-26 09:28:34"}
{"level":"debug","message":"POST /api/auth/login","timestamp":"2026-03-26 09:28:40"}
{"level":"debug","message":"GET /api/dashboard","timestamp":"2026-03-26 09:28:41"}
{"level":"debug","message":"GET /api/dashboard","timestamp":"2026-03-26 09:28:41"}
{"level":"debug","message":"GET /api/devices/2","timestamp":"2026-03-26 09:28:44"}
{"level":"debug","message":"GET /api/devices/2","timestamp":"2026-03-26 09:28:45"}
{"level":"debug","message":"GET /api/admin-contacts","timestamp":"2026-03-26 09:28:48"}
{"level":"debug","message":"GET /api/admin-contacts","timestamp":"2026-03-26 09:28:49"}
{"level":"debug","message":"POST /api/returns","timestamp":"2026-03-26 09:29:02"}
{"level":"debug","message":"GET /api/devices/2","timestamp":"2026-03-26 09:29:03"}
{"level":"info","message":"Return request email sent for device 2","timestamp":"2026-03-26 09:29:05"}
{"level":"debug","message":"POST /api/auth/login","timestamp":"2026-03-26 09:29:08"}
{"level":"debug","message":"GET /api/dashboard","timestamp":"2026-03-26 09:29:10"}
{"level":"debug","message":"GET /api/dashboard","timestamp":"2026-03-26 09:29:10"}
{"level":"debug","message":"GET /api/returns?page=1&limit=20&status=pending","timestamp":"2026-03-26 09:29:11"}
{"level":"debug","message":"GET /api/returns?page=1&limit=20&status=pending","timestamp":"2026-03-26 09:29:12"}
{"level":"debug","message":"POST /api/returns/1/review","timestamp":"2026-03-26 09:29:59"}
{"level":"debug","message":"GET /api/returns?page=1&limit=20&status=pending","timestamp":"2026-03-26 09:29:59"}
{"level":"debug","message":"GET /api/returns?page=1&limit=20&status=approved","timestamp":"2026-03-26 09:30:01"}
{"level":"debug","message":"GET /api/devices/2","timestamp":"2026-03-26 09:30:03"}
{"level":"debug","message":"GET /api/devices/2","timestamp":"2026-03-26 09:30:04"}
{"level":"debug","message":"GET /api/returns?page=1&limit=20&status=pending","timestamp":"2026-03-26 09:30:11"}
{"level":"debug","message":"GET /api/returns?page=1&limit=20&status=pending","timestamp":"2026-03-26 09:30:11"}
{"level":"debug","message":"GET /api/returns?page=1&limit=20&status=approved","timestamp":"2026-03-26 09:30:14"}
{"level":"debug","message":"POST /api/auth/login","timestamp":"2026-03-26 09:30:27"}
{"level":"debug","message":"GET /api/dashboard","timestamp":"2026-03-26 09:30:28"}
{"level":"debug","message":"GET /api/dashboard","timestamp":"2026-03-26 09:30:29"}
{"level":"debug","message":"GET /api/devices/1","timestamp":"2026-03-26 09:31:25"}
{"level":"debug","message":"GET /api/devices/1","timestamp":"2026-03-26 09:31:26"}
{"level":"debug","message":"GET /api/dashboard","timestamp":"2026-03-26 09:31:27"}
{"level":"debug","message":"GET /api/dashboard","timestamp":"2026-03-26 09:31:28"}
{"level":"debug","message":"GET /api/devices/2","timestamp":"2026-03-26 09:31:29"}
{"level":"debug","message":"GET /api/devices/2","timestamp":"2026-03-26 09:31:29"}
{"level":"debug","message":"GET /api/dashboard","timestamp":"2026-03-26 09:31:32"}
{"level":"debug","message":"GET /api/dashboard","timestamp":"2026-03-26 09:31:33"}
{"level":"debug","message":"GET /api/devices/2","timestamp":"2026-03-26 09:31:33"}
{"level":"debug","message":"GET /api/devices/2","timestamp":"2026-03-26 09:31:34"}
{"level":"debug","message":"GET /api/dashboard","timestamp":"2026-03-26 09:31:36"}
{"level":"debug","message":"GET /api/dashboard","timestamp":"2026-03-26 09:31:36"}
{"level":"debug","message":"POST /api/auth/login","timestamp":"2026-03-26 09:31:42"}
{"level":"debug","message":"GET /api/dashboard","timestamp":"2026-03-26 09:31:44"}
{"level":"debug","message":"GET /api/dashboard","timestamp":"2026-03-26 09:31:44"}
{"level":"debug","message":"GET /api/returns?page=1&limit=20&status=pending","timestamp":"2026-03-26 09:31:47"}
{"level":"debug","message":"GET /api/returns?page=1&limit=20&status=pending","timestamp":"2026-03-26 09:31:47"}
{"level":"debug","message":"GET /api/returns?page=1&limit=20&status=approved","timestamp":"2026-03-26 09:31:48"}
{"level":"debug","message":"GET /api/facilities?limit=200","timestamp":"2026-03-26 09:31:51"}
{"level":"debug","message":"GET /api/facilities?limit=200","timestamp":"2026-03-26 09:31:51"}
{"level":"debug","message":"POST /api/returns/1/reissue","timestamp":"2026-03-26 09:31:57"}
{"level":"debug","message":"GET /api/returns?page=1&limit=20&status=approved","timestamp":"2026-03-26 09:31:58"}
{"level":"debug","message":"GET /api/counties","timestamp":"2026-03-26 09:32:00"}
{"level":"debug","message":"GET /api/counties","timestamp":"2026-03-26 09:32:00"}
{"level":"debug","message":"GET /api/devices?page=1&limit=20&search=&status=&countyId=","timestamp":"2026-03-26 09:32:00"}
{"level":"debug","message":"GET /api/counties","timestamp":"2026-03-26 09:32:03"}
{"level":"debug","message":"GET /api/facilities?limit=500","timestamp":"2026-03-26 09:32:03"}
{"level":"debug","message":"GET /api/affiliations","timestamp":"2026-03-26 09:32:04"}
{"level":"debug","message":"GET /api/counties","timestamp":"2026-03-26 09:32:04"}
{"level":"debug","message":"GET /api/affiliations","timestamp":"2026-03-26 09:32:04"}
{"level":"debug","message":"GET /api/facilities?limit=500","timestamp":"2026-03-26 09:32:04"}
{"level":"debug","message":"GET /api/devices/2","timestamp":"2026-03-26 09:32:06"}
{"level":"debug","message":"GET /api/devices/2","timestamp":"2026-03-26 09:32:07"}
{"level":"debug","message":"GET /api/admin-contacts","timestamp":"2026-03-26 09:32:08"}
{"level":"debug","message":"GET /api/admin-contacts","timestamp":"2026-03-26 09:32:09"}
{"level":"debug","message":"POST /api/repairs","timestamp":"2026-03-26 09:32:22"}
{"level":"debug","message":"GET /api/devices/2","timestamp":"2026-03-26 09:32:23"}
{"level":"info","message":"Repair initiated email sent for device 2","timestamp":"2026-03-26 09:32:24"}
{"level":"debug","message":"GET /api/repairs?page=1&limit=20&status=pending","timestamp":"2026-03-26 09:32:28"}
{"level":"debug","message":"GET /api/repairs?page=1&limit=20&status=pending","timestamp":"2026-03-26 09:32:28"}
{"level":"debug","message":"POST /api/repairs/5/review","timestamp":"2026-03-26 09:32:51"}
{"level":"debug","message":"GET /api/repairs?page=1&limit=20&status=pending","timestamp":"2026-03-26 09:32:51"}
{"level":"debug","message":"GET /api/repairs?page=1&limit=20&status=under_repair","timestamp":"2026-03-26 09:32:54"}
{"level":"debug","message":"GET /api/admin-contacts","timestamp":"2026-03-26 09:33:04"}
{"level":"debug","message":"GET /api/admin-contacts","timestamp":"2026-03-26 09:33:04"}
{"level":"debug","message":"POST /api/repairs/5/mark-returned","timestamp":"2026-03-26 09:33:17"}
{"level":"debug","message":"GET /api/repairs?page=1&limit=20&status=under_repair","timestamp":"2026-03-26 09:33:17"}
{"level":"debug","message":"GET /api/dashboard","timestamp":"2026-03-26 10:19:27"}
{"level":"debug","message":"GET /api/dashboard","timestamp":"2026-03-26 10:19:27"}
